268435489,ANTIGRTW,41217,ANTIGONE,1,MOSSON,1,21:14:22,0,405,41101
268435737,ANTIGRTW,41217,ANTIGONE,1,MOSSON,1,21:27:37,0,1200,41101
268435765,ANTIGRTW,41217,ANTIGONE,1,MOSSON,1,21:40:37,0,1980,41101
268435697,BOUTORTW,41233,BOUTONNET,1,MOSSON,1,21:10:50,0,193,41101
268435813,BOUTORTW,41233,BOUTONNET,1,MOSSON,1,21:19:48,0,731,41101
268435489,BOUTORTW,41233,BOUTONNET,1,MOSSON,1,21:30:21,0,1364,41101
268435665,CHATORTW,41243,CHATEAU D'O,1,MOSSON,1,21:08:46,0,69,41101
268435697,CHATORTW,41243,CHATEAU D'O,1,MOSSON,1,21:19:36,0,719,41101
268435813,CHATORTW,41243,CHATEAU D'O,1,MOSSON,1,21:28:25,0,1248,41101
268435813,COMEDRTW,41223,COMEDIE,1,MOSSON,1,21:10:24,0,167,41101
268435489,COMEDRTW,41223,COMEDIE,1,MOSSON,1,21:20:44,0,787,41101
268435737,COMEDRTW,41223,COMEDIE,1,MOSSON,1,21:34:00,0,1583,41101
268435813,CORUMRTW,41225,CORUM T1,1,MOSSON,1,21:13:24,0,347,41101
268435489,CORUMRTW,41225,CORUM T1,1,MOSSON,1,21:23:44,0,967,41101
268435737,CORUMRTW,41225,CORUM T1,1,MOSSON,1,21:37:00,0,1763,41101
268435489,DUGUESCE,41218,DU GUESCLIN,1,MOSSON,1,21:16:53,0,556,41101
268435737,DUGUESCE,41218,DU GUESCLIN,1,MOSSON,1,21:29:57,0,1340,41101
268435765,DUGUESCE,41218,DU GUESCLIN,1,MOSSON,1,21:42:57,0,2120,41101
268435665,EUROMRTW,41247,EUROMEDECINE,1,MOSSON,1,21:12:46,0,309,41101
268435697,EUROMRTW,41247,EUROMEDECINE,1,MOSSON,1,21:23:36,0,959,41101
268435813,EUROMRTW,41247,EUROMEDECINE,1,MOSSON,1,21:32:25,0,1488,41101
268435813,GARERTW,41221,GARE ST-ROCH T1,1,MOSSON,1,21:08:24,0,47,41101
268435489,GARERTW,41221,GARE ST-ROCH T1,1,MOSSON,1,21:18:44,0,667,41101
268435737,GARERTW,41221,GARE ST-ROCH T1,1,MOSSON,1,21:32:00,0,1463,41101
268435789,HALLPRTW,41253,HALLES PAILLADE,1,MOSSON,1,21:08:44,0,67,41101
268435665,HALLPRTW,41253,HALLES PAILLADE,1,MOSSON,1,21:16:46,0,549,41101
268435697,HALLPRTW,41253,HALLES PAILLADE,1,MOSSON,1,21:27:56,0,1219,41101
268435665,HTMASRTW,41249,HAUTS DE MASSANE,1,MOSSON,1,21:13:46,0,369,41101
268435697,HTMASRTW,41249,HAUTS DE MASSANE,1,MOSSON,1,21:24:36,0,1019,41101
268435813,HTMASRTW,41249,HAUTS DE MASSANE,1,MOSSON,1,21:33:25,0,1548,41101
268435697,LAPEYRTW,41239,HOP. LAPEYRONIE,1,MOSSON,1,21:15:56,0,499,41101
268435813,LAPEYRTW,41239,HOP. LAPEYRONIE,1,MOSSON,1,21:25:03,0,1046,41101
268435489,LAPEYRTW,41239,HOP. LAPEYRONIE,1,MOSSON,1,21:35:39,0,1682,41101
268435489,LBLUMRTW,41215,LEON BLUM,1,MOSSON,1,21:12:43,0,306,41101
268435737,LBLUMRTW,41215,LEON BLUM,1,MOSSON,1,21:25:59,0,1102,41101
268435765,LBLUMRTW,41215,LEON BLUM,1,MOSSON,1,21:38:59,0,1882,41101
268435813,BLANCRTW,41227,LOUIS BLANC,1,MOSSON,1,21:14:33,0,416,41101
268435489,BLANCRTW,41227,LOUIS BLANC,1,MOSSON,1,21:25:23,0,1066,41101
268435737,BLANCRTW,41227,LOUIS BLANC,1,MOSSON,1,21:38:17,0,1840,41101
268435665,MALBORTW,41245,MALBOSC,1,MOSSON,1,21:10:46,0,189,41101
268435697,MALBORTW,41245,MALBOSC,1,MOSSON,1,21:21:36,0,839,41101
268435813,MALBORTW,41245,MALBOSC,1,MOSSON,1,21:30:25,0,1368,41101
268435737,MILLERTW,41203,MILLENAIRE,1,MOSSON,1,21:16:23,0,526,41101
268435765,MILLERTW,41203,MILLENAIRE,1,MOSSON,1,21:29:23,0,1306,41101
268435557,MILLERTW,41203,MILLENAIRE,1,MOSSON,1,21:44:23,0,2206,41101
268435737,MONDIRTW,41205,MONDIAL 98,1,MOSSON,1,21:17:49,0,612,41101
268435765,MONDIRTW,41205,MONDIAL 98,1,MOSSON,1,21:30:49,0,1392,41101
268435557,MONDIRTW,41205,MONDIAL 98,1,MOSSON,1,21:45:49,0,2292,41101
268435737,MOULARTW,41209,MOULARES,1,MOSSON,1,21:20:49,0,792,41101
268435765,MOULARTW,41209,MOULARES,1,MOSSON,1,21:33:49,0,1572,41101
268435557,MOULARTW,41209,MOULARES,1,MOSSON,1,21:48:49,0,2472,41101
268435697,OCCITRTW,41241,OCCITANIE,1,MOSSON,1,21:17:36,0,599,41101
268435813,OCCITRTW,41241,OCCITANIE,1,MOSSON,1,21:26:25,0,1128,41101
268435489,OCCITRTW,41241,OCCITANIE,1,MOSSON,1,21:36:46,0,1749,41101
268435737,ODYSSETW,41201,ODYSSEUM,1,MOSSON,1,21:13:00,0,323,41101
268435765,ODYSSETW,41201,ODYSSEUM,1,MOSSON,1,21:26:00,0,1103,41101
268435557,ODYSSETW,41201,ODYSSEUM,1,MOSSON,1,21:41:00,0,2003,41101
268435697,PHILIRTW,41231,PHILIPPIDES,1,MOSSON,1,21:08:30,0,53,41101
268435813,PHILIRTW,41231,PHILIPPIDES,1,MOSSON,1,21:18:05,0,628,41101
268435489,PHILIRTW,41231,PHILIPPIDES,1,MOSSON,1,21:28:33,0,1256,41101
268435489,EUROPRTW,41213,PL. DE L'EUROPE,1,MOSSON,1,21:10:43,0,186,41101
268435737,EUROPRTW,41213,PL. DE L'EUROPE,1,MOSSON,1,21:23:59,0,982,41101
268435765,EUROPRTW,41213,PL. DE L'EUROPE,1,MOSSON,1,21:36:59,0,1762,41101
268435813,ALBE1RTW,41229,PLACE ALBERT 1ER,1,MOSSON,1,21:16:24,0,527,41101
268435489,ALBE1RTW,41229,PLACE ALBERT 1ER,1,MOSSON,1,21:26:44,0,1147,41101
268435737,ALBE1RTW,41229,PLACE ALBERT 1ER,1,MOSSON,1,21:40:00,0,1943,41101
268435737,PFRANCEE,41261,PLACE DE FRANCE,1,MOSSON,1,21:14:59,0,442,41101
268435765,PFRANCEE,41261,PLACE DE FRANCE,1,MOSSON,1,21:27:59,0,1222,41101
268435557,PFRANCEE,41261,PLACE DE FRANCE,1,MOSSON,1,21:42:59,0,2122,41101
268435737,PMARIRTW,41207,PORT MARIANNE,1,MOSSON,1,21:18:59,0,682,41101
268435765,PMARIRTW,41207,PORT MARIANNE,1,MOSSON,1,21:31:59,0,1462,41101
268435557,PMARIRTW,41207,PORT MARIANNE,1,MOSSON,1,21:46:59,0,2362,41101
268435489,RILEZRTW,41211,RIVES DU LEZ T1,1,MOSSON,1,21:09:43,0,126,41101
268435737,RILEZRTW,41211,RIVES DU LEZ T1,1,MOSSON,1,21:22:59,0,922,41101
268435765,RILEZRTW,41211,RIVES DU LEZ T1,1,MOSSON,1,21:35:59,0,1702,41101
268435697,STELORTW,41235,SAINT-ELOI,1,MOSSON,1,21:12:35,0,298,41101
268435813,STELORTW,41235,SAINT-ELOI,1,MOSSON,1,21:21:24,0,827,41101
268435489,STELORTW,41235,SAINT-ELOI,1,MOSSON,1,21:31:44,0,1447,41101
268435665,STPAURTW,41251,SAINT-PAUL,1,MOSSON,1,21:15:46,0,489,41101
268435697,STPAURTW,41251,SAINT-PAUL,1,MOSSON,1,21:26:36,0,1139,41101
268435813,STPAURTW,41251,SAINT-PAUL,1,MOSSON,1,21:35:25,0,1668,41101
268435789,STMOSSOS,41263,STADE MOSSON,1,MOSSON,1,21:10:12,0,155,41101
268435665,STMOSSOS,41263,STADE MOSSON,1,MOSSON,1,21:18:46,0,669,41101
268435697,STMOSSOS,41263,STADE MOSSON,1,MOSSON,1,21:29:36,0,1319,41101
268435697,SCIENRTW,41237,UNIVERSITES,1,MOSSON,1,21:13:56,0,379,41101
268435813,SCIENRTW,41237,UNIVERSITES,1,MOSSON,1,21:23:12,0,935,41101
268435489,SCIENRTW,41237,UNIVERSITES,1,MOSSON,1,21:33:18,0,1541,41101
268435554,ANTIGATW,41139,ANTIGONE,1,ODYSSEUM,0,21:19:32,0,715,41155
268435830,ANTIGATW,41139,ANTIGONE,1,ODYSSEUM,0,21:35:36,0,1679,41155
268435626,ANTIGATW,41139,ANTIGONE,1,ODYSSEUM,0,21:48:38,0,2461,41155
268435830,BOUTOATW,41123,BOUTONNET,1,ODYSSEUM,0,21:19:45,0,728,41155
268435626,BOUTOATW,41123,BOUTONNET,1,ODYSSEUM,0,21:32:47,0,1510,41155
268435790,BOUTOATW,41123,BOUTONNET,1,ODYSSEUM,0,21:47:47,0,2410,41155
268435830,CHATOATW,41113,CHATEAU D'O,1,ODYSSEUM,0,21:10:37,0,180,41155
268435626,CHATOATW,41113,CHATEAU D'O,1,ODYSSEUM,0,21:24:00,0,983,41155
268435790,CHATOATW,41113,CHATEAU D'O,1,ODYSSEUM,0,21:39:00,0,1883,41155
268435554,COMEDATW,41133,COMEDIE,1,ODYSSEUM,0,21:13:34,0,357,41155
268435830,COMEDATW,41133,COMEDIE,1,ODYSSEUM,0,21:29:37,0,1320,41155
268435626,COMEDATW,41133,COMEDIE,1,ODYSSEUM,0,21:43:00,0,2123,41155
268435554,CORUMATW,41131,CORUM T1,1,ODYSSEUM,0,21:10:34,0,177,41155
268435830,CORUMATW,41131,CORUM T1,1,ODYSSEUM,0,21:26:37,0,1140,41155
268435626,CORUMATW,41131,CORUM T1,1,ODYSSEUM,0,21:40:00,0,1943,41155
268435554,DUGUESCS,41138,DU GUESCLIN,1,ODYSSEUM,0,21:17:36,0,599,41155
268435830,DUGUESCS,41138,DU GUESCLIN,1,ODYSSEUM,0,21:33:40,0,1563,41155
268435626,DUGUESCS,41138,DU GUESCLIN,1,ODYSSEUM,0,21:46:42,0,2345,41155
268435626,EUROMATW,41109,EUROMEDECINE,1,ODYSSEUM,0,21:20:00,0,743,41155
268435790,EUROMATW,41109,EUROMEDECINE,1,ODYSSEUM,0,21:35:00,0,1643,41155
268435698,EUROMATW,41109,EUROMEDECINE,1,ODYSSEUM,0,21:50:00,0,2543,41155
268435554,GARETW,41135,GARE ST-ROCH T1,1,ODYSSEUM,0,21:15:34,0,477,41155
268435830,GARETW,41135,GARE ST-ROCH T1,1,ODYSSEUM,0,21:31:37,0,1440,41155
268435626,GARETW,41135,GARE ST-ROCH T1,1,ODYSSEUM,0,21:45:00,0,2243,41155
268435626,HALLPATW,41103,HALLES PAILLADE,1,ODYSSEUM,0,21:15:15,0,458,41155
268435790,HALLPATW,41103,HALLES PAILLADE,1,ODYSSEUM,0,21:30:15,0,1358,41155
268435698,HALLPATW,41103,HALLES PAILLADE,1,ODYSSEUM,0,21:45:15,0,2258,41155
268435626,HTMASATW,41107,HAUTS DE MASSANE,1,ODYSSEUM,0,21:19:00,0,683,41155
268435790,HTMASATW,41107,HAUTS DE MASSANE,1,ODYSSEUM,0,21:34:00,0,1583,41155
268435698,HTMASATW,41107,HAUTS DE MASSANE,1,ODYSSEUM,0,21:49:00,0,2483,41155
268435830,LAPEYATW,41117,HOP. LAPEYRONIE,1,ODYSSEUM,0,21:14:22,0,405,41155
268435626,LAPEYATW,41117,HOP. LAPEYRONIE,1,ODYSSEUM,0,21:27:14,0,1177,41155
268435790,LAPEYATW,41117,HOP. LAPEYRONIE,1,ODYSSEUM,0,21:42:14,0,2077,41155
268435554,LBLUMATW,41141,LEON BLUM,1,ODYSSEUM,0,21:20:34,0,777,41155
268435830,LBLUMATW,41141,LEON BLUM,1,ODYSSEUM,0,21:36:37,0,1740,41155
268435626,LBLUMATW,41141,LEON BLUM,1,ODYSSEUM,0,21:50:00,0,2543,41155
268435554,BLANCATW,41129,LOUIS BLANC,1,ODYSSEUM,0,21:09:29,0,112,41155
268435830,BLANCATW,41129,LOUIS BLANC,1,ODYSSEUM,0,21:25:25,0,1068,41155
268435626,BLANCATW,41129,LOUIS BLANC,1,ODYSSEUM,0,21:38:17,0,1840,41155
268435830,MALBOATW,41111,MALBOSC,1,ODYSSEUM,0,21:08:37,0,60,41155
268435626,MALBOATW,41111,MALBOSC,1,ODYSSEUM,0,21:22:00,0,863,41155
268435790,MALBOATW,41111,MALBOSC,1,ODYSSEUM,0,21:37:00,0,1763,41155
268435762,MILLEATW,41153,MILLENAIRE,1,ODYSSEUM,0,21:14:25,0,408,41155
268435554,MILLEATW,41153,MILLENAIRE,1,ODYSSEUM,0,21:30:20,0,1363,41155
268435830,MILLEATW,41153,MILLENAIRE,1,ODYSSEUM,0,21:46:31,0,2334,41155
268435762,MONDIATW,41151,MONDIAL 98,1,ODYSSEUM,0,21:12:39,0,302,41155
268435554,MONDIATW,41151,MONDIAL 98,1,ODYSSEUM,0,21:29:18,0,1301,41155
268435830,MONDIATW,41151,MONDIAL 98,1,ODYSSEUM,0,21:44:43,0,2226,41155
268435626,MOSSOATW,41101,MOSSON T1,1,ODYSSEUM,0,21:11:00,0,203,41155
268435790,MOSSOATW,41101,MOSSON T1,1,ODYSSEUM,0,21:26:00,0,1103,41155
268435698,MOSSOATW,41101,MOSSON T1,1,ODYSSEUM,0,21:41:00,0,2003,41155
268435762,MOULAATW,41147,MOULARES,1,ODYSSEUM,0,21:10:25,0,168,41155
268435554,MOULAATW,41147,MOULARES,1,ODYSSEUM,0,21:26:21,0,1124,41155
268435830,MOULAATW,41147,MOULARES,1,ODYSSEUM,0,21:42:32,0,2095,41155
268435830,OCCITATW,41115,OCCITANIE,1,ODYSSEUM,0,21:12:37,0,300,41155
268435626,OCCITATW,41115,OCCITANIE,1,ODYSSEUM,0,21:26:00,0,1103,41155
268435790,OCCITATW,41115,OCCITANIE,1,ODYSSEUM,0,21:41:00,0,2003,41155
268435830,PHILIATW,41125,PHILIPPIDES,1,ODYSSEUM,0,21:21:03,0,806,41155
268435626,PHILIATW,41125,PHILIPPIDES,1,ODYSSEUM,0,21:34:11,0,1594,41155
268435790,PHILIATW,41125,PHILIPPIDES,1,ODYSSEUM,0,21:49:11,0,2494,41155
268435554,EUROPATW,41143,PL. DE L'EUROPE,1,ODYSSEUM,0,21:22:54,0,917,41155
268435830,EUROPATW,41143,PL. DE L'EUROPE,1,ODYSSEUM,0,21:39:07,0,1890,41155
268435626,EUROPATW,41143,PL. DE L'EUROPE,1,ODYSSEUM,0,21:52:00,0,2663,41155
268435830,ALBE1ATW,41127,PLACE ALBERT 1ER,1,ODYSSEUM,0,21:23:07,0,930,41155
268435626,ALBE1ATW,41127,PLACE ALBERT 1ER,1,ODYSSEUM,0,21:36:00,0,1703,41155
268435790,ALBE1ATW,41127,PLACE ALBERT 1ER,1,ODYSSEUM,0,21:51:00,0,2603,41155
268435762,PFRANCES,41161,PLACE DE FRANCE,1,ODYSSEUM,0,21:15:33,0,476,41155
268435554,PFRANCES,41161,PLACE DE FRANCE,1,ODYSSEUM,0,21:31:34,0,1437,41155
268435830,PFRANCES,41161,PLACE DE FRANCE,1,ODYSSEUM,0,21:47:37,0,2400,41155
268435762,PMARIATW,41149,PORT MARIANNE,1,ODYSSEUM,0,21:11:33,0,236,41155
268435554,PMARIATW,41149,PORT MARIANNE,1,ODYSSEUM,0,21:27:34,0,1197,41155
268435830,PMARIATW,41149,PORT MARIANNE,1,ODYSSEUM,0,21:43:37,0,2160,41155
268435762,RILEZATW,41145,RIVES DU LEZ T1,1,ODYSSEUM,0,21:08:31,0,54,41155
268435554,RILEZATW,41145,RIVES DU LEZ T1,1,ODYSSEUM,0,21:24:34,0,1017,41155
268435830,RILEZATW,41145,RIVES DU LEZ T1,1,ODYSSEUM,0,21:40:37,0,1980,41155
268435830,STELOATW,41121,SAINT-ELOI,1,ODYSSEUM,0,21:17:37,0,600,41155
268435626,STELOATW,41121,SAINT-ELOI,1,ODYSSEUM,0,21:31:00,0,1403,41155
268435790,STELOATW,41121,SAINT-ELOI,1,ODYSSEUM,0,21:46:00,0,2303,41155
268435626,STPAUATW,41105,SAINT-PAUL,1,ODYSSEUM,0,21:17:00,0,563,41155
268435790,STPAUATW,41105,SAINT-PAUL,1,ODYSSEUM,0,21:32:00,0,1463,41155
268435698,STPAUATW,41105,SAINT-PAUL,1,ODYSSEUM,0,21:47:00,0,2363,41155
268435626,STMOSSOE,41163,STADE MOSSON,1,ODYSSEUM,0,21:13:00,0,323,41155
268435790,STMOSSOE,41163,STADE MOSSON,1,ODYSSEUM,0,21:28:00,0,1223,41155
268435698,STMOSSOE,41163,STADE MOSSON,1,ODYSSEUM,0,21:43:00,0,2123,41155
268435830,SCIENATW,41119,UNIVERSITES,1,ODYSSEUM,0,21:16:38,0,541,41155
268435626,SCIENATW,41119,UNIVERSITES,1,ODYSSEUM,0,21:29:40,0,1323,41155
268435790,SCIENATW,41119,UNIVERSITES,1,ODYSSEUM,0,21:44:40,0,2223,41155
268436851,ANATOLEE,1236,ANATOLE FRANCE,11,GARE SAINT-ROCH,0,21:27:34,0,1197,17
268436847,ANATOLEE,1236,ANATOLE FRANCE,11,GARE SAINT-ROCH,0,21:56:25,0,2928,17
268436853,ANATOLEE,1236,ANATOLE FRANCE,11,GARE SAINT-ROCH,0,22:26:25,0,4728,17
268436851,ANTERRIE,4114,ANTERRIEU,11,GARE SAINT-ROCH,0,21:22:51,0,914,17
268436847,ANTERRIE,4114,ANTERRIEU,11,GARE SAINT-ROCH,0,21:51:02,0,2605,17
268436853,ANTERRIE,4114,ANTERRIEU,11,GARE SAINT-ROCH,0,22:21:02,0,4405,17
268436851,BAGATELE,4142,BAGATELLE,11,GARE SAINT-ROCH,0,21:16:22,0,525,17
268436847,BAGATELE,4142,BAGATELLE,11,GARE SAINT-ROCH,0,21:44:36,0,2219,17
268436853,BAGATELE,4142,BAGATELLE,11,GARE SAINT-ROCH,0,22:14:36,0,4019,17
268436851,CHASSEUA,4111,CHASSEURS,11,GARE SAINT-ROCH,0,21:19:35,0,718,17
268436847,CHASSEUA,4111,CHASSEURS,11,GARE SAINT-ROCH,0,21:48:26,0,2449,17
268436853,CHASSEUA,4111,CHASSEURS,11,GARE SAINT-ROCH,0,22:18:26,0,4249,17
268436851,CHDUE,4239,CHENG-DU,11,GARE SAINT-ROCH,0,21:16:01,0,504,17
268436847,CHDUE,4239,CHENG-DU,11,GARE SAINT-ROCH,0,21:44:12,0,2195,17
268436853,CHDUE,4239,CHENG-DU,11,GARE SAINT-ROCH,0,22:14:12,0,3995,17
268436851,CITGELYE,11131,CITE GELY,11,GARE SAINT-ROCH,0,21:20:50,0,793,17
268436847,CITGELYE,11131,CITE GELY,11,GARE SAINT-ROCH,0,21:49:01,0,2484,17
268436853,CITGELYE,11131,CITE GELY,11,GARE SAINT-ROCH,0,22:19:01,0,4284,17
268436851,CVALETTA,4109,CITE VALETTE,11,GARE SAINT-ROCH,0,21:18:58,0,681,17
268436847,CVALETTA,4109,CITE VALETTE,11,GARE SAINT-ROCH,0,21:47:09,0,2372,17
268436853,CVALETTA,4109,CITE VALETTE,11,GARE SAINT-ROCH,0,22:17:09,0,4172,17
268436851,MPAGNOLE,4143,COLLEGE PAGNOL,11,GARE SAINT-ROCH,0,21:16:50,0,553,17
268436847,MPAGNOLE,4143,COLLEGE PAGNOL,11,GARE SAINT-ROCH,0,21:45:01,0,2244,17
268436853,MPAGNOLE,4143,COLLEGE PAGNOL,11,GARE SAINT-ROCH,0,22:15:01,0,4044,17
268436851,GAMBETTE,1234,GAMBETTA,11,GARE SAINT-ROCH,0,21:24:50,0,1033,17
268436847,GAMBETTE,1234,GAMBETTA,11,GARE SAINT-ROCH,0,21:53:01,0,2724,17
268436853,GAMBETTE,1234,GAMBETTA,11,GARE SAINT-ROCH,0,22:23:01,0,4524,17
268436851,GOUARAR,7213,GOUARA,11,GARE SAINT-ROCH,0,21:21:56,0,859,17
268436847,GOUARAR,7213,GOUARA,11,GARE SAINT-ROCH,0,21:50:07,0,2550,17
268436853,GOUARAR,7213,GOUARA,11,GARE SAINT-ROCH,0,22:20:07,0,4350,17
268436851,LAFEUILE,11132,LAFEUILLADE,11,GARE SAINT-ROCH,0,21:23:00,0,923,17
268436847,LAFEUILE,11132,LAFEUILLADE,11,GARE SAINT-ROCH,0,21:51:11,0,2614,17
268436853,LAFEUILE,11132,LAFEUILLADE,11,GARE SAINT-ROCH,0,22:21:11,0,4414,17
268436851,BOUISS4A,7165,LES BOUISSES,11,GARE SAINT-ROCH,0,21:13:47,0,370,17
268436851,ROSESA,4110,LES ROSES,11,GARE SAINT-ROCH,0,21:19:42,0,725,17
268436847,ROSESA,4110,LES ROSES,11,GARE SAINT-ROCH,0,21:47:53,0,2416,17
268436853,ROSESA,4110,LES ROSES,11,GARE SAINT-ROCH,0,22:17:53,0,4216,17
268436851,PASLOU6R,6221,PAS DU LOUP,11,GARE SAINT-ROCH,0,21:18:09,0,632,17
268436847,PASLOU6R,6221,PAS DU LOUP,11,GARE SAINT-ROCH,0,21:46:20,0,2323,17
268436853,PASLOU6R,6221,PAS DU LOUP,11,GARE SAINT-ROCH,0,22:16:20,0,4123,17
268436851,PFAJONE,4139,PAUL FAJON,11,GARE SAINT-ROCH,0,21:14:49,0,432,17
268436847,PFAJONE,4139,PAUL FAJON,11,GARE SAINT-ROCH,0,21:43:00,0,2123,17
268436853,PFAJONE,4139,PAUL FAJON,11,GARE SAINT-ROCH,0,22:13:00,0,3923,17
268436851,PLANCABE,15218,PLAN CABANES,11,GARE SAINT-ROCH,0,21:23:32,0,955,17
268436847,PLANCABE,15218,PLAN CABANES,11,GARE SAINT-ROCH,0,21:52:23,0,2686,17
268436853,PLANCABE,15218,PLAN CABANES,11,GARE SAINT-ROCH,0,22:22:23,0,4486,17
268436851,ROUGETE,4238,ROUGET DE LISLE,11,GARE SAINT-ROCH,0,21:15:08,0,451,17
268436847,ROUGETE,4238,ROUGET DE LISLE,11,GARE SAINT-ROCH,0,21:43:19,0,2142,17
268436853,ROUGETE,4238,ROUGET DE LISLE,11,GARE SAINT-ROCH,0,22:13:19,0,3942,17
268436851,STDENIE1,1235,SAINT-DENIS,11,GARE SAINT-ROCH,0,21:25:50,0,1093,17
268436847,STDENIE1,1235,SAINT-DENIS,11,GARE SAINT-ROCH,0,21:54:01,0,2784,17
268436853,STDENIE1,1235,SAINT-DENIS,11,GARE SAINT-ROCH,0,22:24:01,0,4584,17
268436846,BAGATELS,4244,BAGATELLE,11,PAUL FAJON,1,21:20:56,0,799,4246
268436852,BAGATELS,4244,BAGATELLE,11,PAUL FAJON,1,21:46:49,0,2352,4246
268436848,BAGATELS,4244,BAGATELLE,11,PAUL FAJON,1,22:15:59,0,4102,4246
268436846,CHASSEUR,4230,CHASSEURS,11,PAUL FAJON,1,21:15:42,0,485,4246
268436852,CHASSEUR,4230,CHASSEURS,11,PAUL FAJON,1,21:41:35,0,2038,4246
268436848,CHASSEUR,4230,CHASSEURS,11,PAUL FAJON,1,22:10:45,0,3788,4246
268436846,CHDUS,4102,CHENG-DU,11,PAUL FAJON,1,21:22:02,0,865,4246
268436852,CHDUS,4102,CHENG-DU,11,PAUL FAJON,1,21:47:55,0,2418,4246
268436848,CHDUS,4102,CHENG-DU,11,PAUL FAJON,1,22:17:05,0,4168,4246
268436846,CITGELYS,11231,CITE GELY,11,PAUL FAJON,1,21:14:57,0,440,4246
268436852,CITGELYS,11231,CITE GELY,11,PAUL FAJON,1,21:40:50,0,1993,4246
268436848,CITGELYS,11231,CITE GELY,11,PAUL FAJON,1,22:10:00,0,3743,4246
268436846,CVALETTR,4232,CITE VALETTE,11,PAUL FAJON,1,21:16:30,0,533,4246
268436852,CVALETTR,4232,CITE VALETTE,11,PAUL FAJON,1,21:43:03,0,2126,4246
268436848,CVALETTR,4232,CITE VALETTE,11,PAUL FAJON,1,22:12:13,0,3876,4246
268436846,MPAGNOLS,4242,COLLEGE PAGNOL,11,PAUL FAJON,1,21:19:57,0,740,4246
268436852,MPAGNOLS,4242,COLLEGE PAGNOL,11,PAUL FAJON,1,21:45:50,0,2293,4246
268436848,MPAGNOLS,4242,COLLEGE PAGNOL,11,PAUL FAJON,1,22:15:00,0,4043,4246
268436846,CRAPONNS,15105,CRAPONNE,11,PAUL FAJON,1,21:11:03,0,206,4246
268436852,CRAPONNS,15105,CRAPONNE,11,PAUL FAJON,1,21:36:56,0,1759,4246
268436848,CRAPONNS,15105,CRAPONNE,11,PAUL FAJON,1,22:06:06,0,3509,4246
268436846,GAMBETTS,1104,GAMBETTA,11,PAUL FAJON,1,21:09:56,0,139,4246
268436852,GAMBETTS,1104,GAMBETTA,11,PAUL FAJON,1,21:35:49,0,1692,4246
268436848,GAMBETTS,1104,GAMBETTA,11,PAUL FAJON,1,22:04:59,0,3442,4246
268436852,GARE17,17,GARE SAINT-ROCH,11,PAUL FAJON,1,21:30:50,0,1393,4246
268436848,GARE17,17,GARE SAINT-ROCH,11,PAUL FAJON,1,22:00:00,0,3143,4246
268436854,GARE17,17,GARE SAINT-ROCH,11,PAUL FAJON,1,22:30:00,0,4943,4246
268436846,GOUARAA,7118,GOUARA,11,PAUL FAJON,1,21:14:09,0,392,4246
268436852,GOUARAA,7118,GOUARA,11,PAUL FAJON,1,21:40:02,0,1945,4246
268436848,GOUARAA,7118,GOUARA,11,PAUL FAJON,1,22:09:12,0,3695,4246
268436846,LEPIC,7117,LEPIC,11,PAUL FAJON,1,21:13:22,0,345,4246
268436852,LEPIC,7117,LEPIC,11,PAUL FAJON,1,21:39:21,0,1904,4246
268436848,LEPIC,7117,LEPIC,11,PAUL FAJON,1,22:08:34,0,3657,4246
268436846,ROSESR,4231,LES ROSES,11,PAUL FAJON,1,21:16:21,0,524,4246
268436852,ROSESR,4231,LES ROSES,11,PAUL FAJON,1,21:42:20,0,2083,4246
268436848,ROSESR,4231,LES ROSES,11,PAUL FAJON,1,22:11:33,0,3836,4246
268436846,MYRTHESA,7116,MYRTES,11,PAUL FAJON,1,21:12:52,0,315,4246
268436852,MYRTHESA,7116,MYRTES,11,PAUL FAJON,1,21:38:45,0,1868,4246
268436848,MYRTHESA,7116,MYRTES,11,PAUL FAJON,1,22:07:55,0,3618,4246
268436846,OBSERVSN,2133,OBSERVATOIRE,11,PAUL FAJON,1,21:07:56,0,19,4246
268436852,OBSERVSN,2133,OBSERVATOIRE,11,PAUL FAJON,1,21:33:49,0,1572,4246
268436848,OBSERVSN,2133,OBSERVATOIRE,11,PAUL FAJON,1,22:02:59,0,3322,4246
268436846,PALISSAS,11224,PALISSADE,11,PAUL FAJON,1,21:10:21,0,164,4246
268436852,PALISSAS,11224,PALISSADE,11,PAUL FAJON,1,21:36:20,0,1723,4246
268436848,PALISSAS,11224,PALISSADE,11,PAUL FAJON,1,22:05:33,0,3476,4246
268436846,PASLOU6A,6101,PAS DU LOUP,11,PAUL FAJON,1,21:18:17,0,640,4246
268436852,PASLOU6A,6101,PAS DU LOUP,11,PAUL FAJON,1,21:44:16,0,2199,4246
268436848,PASLOU6A,6101,PAS DU LOUP,11,PAUL FAJON,1,22:13:29,0,3952,4246
268436846,ROUGETS,4103,ROUGET DE LISLE,11,PAUL FAJON,1,21:23:47,0,970,4246
268436852,ROUGETS,4103,ROUGET DE LISLE,11,PAUL FAJON,1,21:49:40,0,2523,4246
268436848,ROUGETS,4103,ROUGET DE LISLE,11,PAUL FAJON,1,22:18:50,0,4273,4246
268436929,CNEARC,5280,AGROPOLIS,13,NAVETTE A,0,21:46:00,0,2303,13230
268436931,CNEARC,5280,AGROPOLIS,13,NAVETTE A,0,22:16:00,0,4103,13230
268436933,CNEARC,5280,AGROPOLIS,13,NAVETTE A,0,22:46:00,1,5903,13230
268436619,CHIMIEA,13226,ECOLE DE CHIMIE,13,NAVETTE A,0,21:10:15,1,158,13230
268436929,CHIMIEA,13226,ECOLE DE CHIMIE,13,NAVETTE A,0,21:51:42,0,2645,13230
268436931,CHIMIEA,13226,ECOLE DE CHIMIE,13,NAVETTE A,0,22:20:42,0,4385,13230
268436619,BATAILLE,13229,EUGENE BATAILLON,13,NAVETTE A,0,21:14:16,1,399,13230
268436929,BATAILLE,13229,EUGENE BATAILLON,13,NAVETTE A,0,21:55:43,0,2886,13230
268436931,BATAILLE,13229,EUGENE BATAILLON,13,NAVETTE A,0,22:24:43,0,4626,13230
268436619,GASCOGNE,13228,GASCOGNE,13,NAVETTE A,0,21:12:32,1,295,13230
268436929,GASCOGNE,13228,GASCOGNE,13,NAVETTE A,0,21:53:59,0,2782,13230
268436931,GASCOGNE,13228,GASCOGNE,13,NAVETTE A,0,22:22:59,0,4522,13230
268436619,LAVALETE,5284,LAVALETTE,13,NAVETTE A,0,21:08:31,1,54,13230
268436929,LAVALETE,5284,LAVALETTE,13,NAVETTE A,0,21:50:00,0,2543,13230
268436931,LAVALETE,5284,LAVALETTE,13,NAVETTE A,0,22:19:12,0,4295,13230
268436619,PARGUELA,13227,PAUL PARGUEL,13,NAVETTE A,0,21:11:56,1,259,13230
268436929,PARGUELA,13227,PAUL PARGUEL,13,NAVETTE A,0,21:53:23,0,2746,13230
268436931,PARGUELA,13227,PAUL PARGUEL,13,NAVETTE A,0,22:22:23,0,4486,13230
268436619,VERTBOIA,13225,VERT-BOIS,13,NAVETTE A,0,21:09:32,1,115,13230
268436929,VERTBOIA,13225,VERT-BOIS,13,NAVETTE A,0,21:50:59,0,2602,13230
268436931,VERTBOIA,13225,VERT-BOIS,13,NAVETTE A,0,22:19:59,0,4342,13230
268436929,ZOOE,5283,ZOO,13,NAVETTE A,0,21:48:35,0,2458,13230
268436931,ZOOE,5283,ZOO,13,NAVETTE A,0,22:18:04,0,4227,13230
268436933,ZOOE,5283,ZOO,13,NAVETTE A,0,22:48:04,1,6027,13230
268436928,VALMONTS,13203,CAMPUS AGROPOLIS,13,NAVETTE AGROPOLIS,1,21:33:58,0,1581,5165
268436930,VALMONTS,13203,CAMPUS AGROPOLIS,13,NAVETTE AGROPOLIS,1,22:08:59,0,3682,5165
268436932,VALMONTS,13203,CAMPUS AGROPOLIS,13,NAVETTE AGROPOLIS,1,22:39:00,1,5483,5165
268436928,CHIMIEB,13119,ECOLE DE CHIMIE,13,NAVETTE AGROPOLIS,1,21:30:08,0,1351,5165
268436930,CHIMIEB,13119,ECOLE DE CHIMIE,13,NAVETTE AGROPOLIS,1,22:05:09,0,3452,5165
268436932,CHIMIEB,13119,ECOLE DE CHIMIE,13,NAVETTE AGROPOLIS,1,22:35:09,0,5252,5165
268436928,BATAILLB,13116,EUGENE BATAILLON,13,NAVETTE AGROPOLIS,1,21:27:27,0,1190,5165
268436930,BATAILLB,13116,EUGENE BATAILLON,13,NAVETTE AGROPOLIS,1,22:02:27,0,3290,5165
268436932,BATAILLB,13116,EUGENE BATAILLON,13,NAVETTE AGROPOLIS,1,22:32:27,0,5090,5165
268436928,GASCOGNB,13117,GASCOGNE,13,NAVETTE AGROPOLIS,1,21:27:59,0,1222,5165
268436930,GASCOGNB,13117,GASCOGNE,13,NAVETTE AGROPOLIS,1,22:03:00,0,3323,5165
268436932,GASCOGNB,13117,GASCOGNE,13,NAVETTE AGROPOLIS,1,22:33:00,0,5123,5165
268436928,LAVALETS,5161,LAVALETTE,13,NAVETTE AGROPOLIS,1,21:31:35,0,1438,5165
268436930,LAVALETS,5161,LAVALETTE,13,NAVETTE AGROPOLIS,1,22:06:36,0,3539,5165
268436932,LAVALETS,5161,LAVALETTE,13,NAVETTE AGROPOLIS,1,22:36:36,0,5339,5165
268436928,PARGUELB,13118,PAUL PARGUEL,13,NAVETTE AGROPOLIS,1,21:28:41,0,1264,5165
268436930,PARGUELB,13118,PAUL PARGUEL,13,NAVETTE AGROPOLIS,1,22:03:42,0,3365,5165
268436932,PARGUELB,13118,PAUL PARGUEL,13,NAVETTE AGROPOLIS,1,22:33:42,0,5165,5165
268436928,UNIVERSB,13115,UNIVERSITES,13,NAVETTE AGROPOLIS,1,21:27:00,0,1163,5165
268436930,UNIVERSB,13115,UNIVERSITES,13,NAVETTE AGROPOLIS,1,22:02:00,0,3263,5165
268436932,UNIVERSB,13115,UNIVERSITES,13,NAVETTE AGROPOLIS,1,22:32:00,0,5063,5165
268436928,VERTBOIS,5125,VERT-BOIS,13,NAVETTE AGROPOLIS,1,21:30:58,0,1401,5165
268436930,VERTBOIS,5125,VERT-BOIS,13,NAVETTE AGROPOLIS,1,22:05:59,0,3502,5165
268436932,VERTBOIS,5125,VERT-BOIS,13,NAVETTE AGROPOLIS,1,22:35:59,0,5302,5165
268436928,ZOOS,5162,ZOO,13,NAVETTE AGROPOLIS,1,21:32:35,0,1498,5165
268436930,ZOOS,5162,ZOO,13,NAVETTE AGROPOLIS,1,22:07:36,0,3599,5165
268436932,ZOOS,5162,ZOO,13,NAVETTE AGROPOLIS,1,22:37:36,0,5399,5165
268437106,AIGUE05S,5236,AIGUELONGUE,15,ODYSSEUM,1,21:39:59,1,1942,9253
268437106,BELVEDEE,9109,BELVEDERE,15,ODYSSEUM,1,21:27:06,1,1169,9253
268437106,BENGALIR,10215,BENGALIS,15,ODYSSEUM,1,21:40:35,1,1978,9253
268437106,BUGARELR,10256,BUGAREL,15,ODYSSEUM,1,21:17:44,1,607,9253
268437106,CDGAULLR,10246,CH. DE GAULLE,15,ODYSSEUM,1,21:43:59,1,2182,9253
268437106,CDG16D,16301,CH. DE GAULLE,15,ODYSSEUM,1,21:44:31,1,2214,9253
268437106,CHDUS,4102,CHENG-DU,15,ODYSSEUM,1,21:18:26,1,649,9253
268437106,CINSAULR,3207,CINSAULTS,15,ODYSSEUM,1,21:31:43,1,1446,9253
268437106,PHARMACR,10224,FAC DE PHARMACIE,15,ODYSSEUM,1,21:34:31,1,1614,9253
268437106,GOELANDR,10122,GOELANDS,15,ODYSSEUM,1,21:48:59,1,2482,9253
268437106,HDUNANTR,10210,HENRI DUNANT,15,ODYSSEUM,1,21:36:30,1,1733,9253
268437106,HENRIMAR,3206,HENRI MARES,15,ODYSSEUM,1,21:30:50,1,1393,9253
268437106,CALVINR,10205,JEAN CALVIN,15,ODYSSEUM,1,21:27:59,1,1222,9253
268437106,LAGOYAR,10249,LAGOYA,15,ODYSSEUM,1,21:50:09,1,2552,9253
268437106,GRANDMR,10244,LE GRAND M,15,ODYSSEUM,1,21:15:15,1,458,9253
268437106,BOUISS15,15261,LES BOUISSES,15,ODYSSEUM,1,21:20:59,1,802,9253
268437106,LOUISRAR,3205,LOUIS RAVAZ,15,ODYSSEUM,1,21:30:08,1,1351,9253
268437106,COLLINER,7207,LYCEE J. FERRY,15,ODYSSEUM,1,21:23:43,1,966,9253
268437106,CHEVALIR,10217,M. CHEVALIER,15,ODYSSEUM,1,21:41:58,1,2061,9253
268437106,FLANDRER,10211,MAJOR FLANDRE,15,ODYSSEUM,1,21:37:42,1,1805,9253
268437106,MARTELIR,7206,MARTELLIERE,15,ODYSSEUM,1,21:22:59,1,922,9253
268437106,BAGNERER,10253,MAS DE BAGNERES,15,ODYSSEUM,1,21:13:33,1,356,9253
268437106,MILLENAR,10233,MILLENAIRE,15,ODYSSEUM,1,21:52:59,1,2722,9253
268437106,ORMEAUXR,7262,ORMEAUX,15,ODYSSEUM,1,21:21:50,1,853,9253
268437106,PLIROND2,16234,PARC LIRONDE,15,ODYSSEUM,1,21:51:14,1,2617,9253
268437106,PASTOURR,10252,PASTOURELLES,15,ODYSSEUM,1,21:46:53,1,2356,9253
268437106,PFAJONS,4246,PAUL FAJON,15,ODYSSEUM,1,21:19:57,1,740,9253
268437106,LAROQUER,10259,PIERRE LAROQUE,15,ODYSSEUM,1,21:47:37,1,2400,9253
268437106,PINVILLR,10248,PINVILLE,15,ODYSSEUM,1,21:49:37,1,2520,9253
268437106,LESLACSR,8203,POMPIGNANE- LACS,15,ODYSSEUM,1,21:45:40,1,2283,9253
268437106,RIEGESR,10206,RIEGES,15,ODYSSEUM,1,21:29:10,1,1293,9253
268437106,ROQUETUR,10216,ROQUETURIERE,15,ODYSSEUM,1,21:41:26,1,2029,9253
268437106,ROUGETS,4103,ROUGET DE LISLE,15,ODYSSEUM,1,21:19:20,1,703,9253
268437106,SABINA,10152,SABINES,15,ODYSSEUM,1,21:12:00,1,263,9253
268437106,STELOIR2,10223,SAINT-ELOI,15,ODYSSEUM,1,21:35:59,1,1702,9253
268437106,STLAZARR,10245,SAINT-LAZARE,15,ODYSSEUM,1,21:42:21,1,2084,9253
268437106,STECATHR,10212,SAINTE-CATHERINE,15,ODYSSEUM,1,21:38:17,1,1840,9253
268437106,SALAISOR,8204,SALAISON,15,ODYSSEUM,1,21:45:59,1,2302,9253
268437106,POMPI10R,10247,SEMARD,15,ODYSSEUM,1,21:47:59,1,2422,9253
268437106,SGERMAIR,7263,SOPHIE GERMAIN,15,ODYSSEUM,1,21:22:24,1,887,9253
268437106,TONNELRR,10231,TONNELLES,15,ODYSSEUM,1,21:25:47,1,1090,9253
268437106,TOURTERR,10213,TOURTERELLES,15,ODYSSEUM,1,21:38:49,1,1872,9253
268437106,VAUGUIER,10251,VAUGUIERES,15,ODYSSEUM,1,21:52:09,1,2672,9253
268437106,VOIEDOR,10207,VOIE DOMITIENNE,15,ODYSSEUM,1,21:33:15,1,1538,9253
268437106,DUMANOIR,10257,YVES DU MANOIR,15,ODYSSEUM,1,21:16:59,1,562,9253
268437103,AIGUE05E,5136,AIGUELONGUE,15,SABINES,0,21:20:45,0,788,10152
268437108,AIGUE05E,5136,AIGUELONGUE,15,SABINES,0,22:16:59,1,4162,10152
268437103,BELVEDES,9219,BELVEDERE,15,SABINES,0,21:31:36,0,1439,10152
268437108,BELVEDES,9219,BELVEDERE,15,SABINES,0,22:27:51,1,4814,10152
268437103,BENGALIA,10105,BENGALIS,15,SABINES,0,21:19:31,0,714,10152
268437108,BENGALIA,10105,BENGALIS,15,SABINES,0,22:16:18,1,4121,10152
268437103,BUGARELA,10156,BUGAREL,15,SABINES,0,21:41:40,0,2043,10152
268437108,BUGARELA,10156,BUGAREL,15,SABINES,0,22:38:14,1,5437,10152
268437103,CDG16A,16501,CH. DE GAULLE,15,SABINES,0,21:16:39,0,542,10152
268437103,CDGAULLA,10150,CH. DE GAULLE,15,SABINES,0,21:16:45,0,548,10152
268437108,CDG16A,16501,CH. DE GAULLE,15,SABINES,0,22:12:52,1,3915,10152
268437103,CHDUE,4239,CHENG-DU,15,SABINES,0,21:41:39,0,2042,10152
268437108,CHDUE,4239,CHENG-DU,15,SABINES,0,22:37:42,1,5405,10152
268437103,CINSAULA,3124,CINSAULTS,15,SABINES,0,21:28:46,0,1269,10152
268437108,CINSAULA,3124,CINSAULTS,15,SABINES,0,22:25:01,1,4644,10152
268437103,PHARMACA,10111,FAC DE PHARMACIE,15,SABINES,0,21:27:40,0,1203,10152
268437108,PHARMACA,10111,FAC DE PHARMACIE,15,SABINES,0,22:23:55,1,4578,10152
268437103,GOELANDA,10230,GOELANDS,15,SABINES,0,21:12:39,0,302,10152
268437108,GOELANDA,10230,GOELANDS,15,SABINES,0,22:09:13,1,3696,10152
268437103,HDUNANTA,10110,HENRI DUNANT,15,SABINES,0,21:25:34,0,1077,10152
268437108,HDUNANTA,10110,HENRI DUNANT,15,SABINES,0,22:21:49,1,4452,10152
268437103,HENRIMAA,3125,HENRI MARES,15,SABINES,0,21:28:41,0,1264,10152
268437108,HENRIMAA,3125,HENRI MARES,15,SABINES,0,22:25:30,1,4673,10152
268437103,CALVINA,10114,JEAN CALVIN,15,SABINES,0,21:30:44,0,1387,10152
268437108,CALVINA,10114,JEAN CALVIN,15,SABINES,0,22:26:59,1,4762,10152
268437103,LAGOYAA,10146,LAGOYA,15,SABINES,0,21:11:33,0,236,10152
268437108,LAGOYAA,10146,LAGOYA,15,SABINES,0,22:08:07,1,3630,10152
268437103,GRANDME,6105,LE GRAND M,15,SABINES,0,21:44:35,0,2218,10152
268437108,GRANDME,6105,LE GRAND M,15,SABINES,0,22:40:48,1,5591,10152
268437103,BOUISS4A,7165,LES BOUISSES,15,SABINES,0,21:38:45,0,1868,10152
268437108,BOUISS4A,7165,LES BOUISSES,15,SABINES,0,22:34:59,1,5242,10152
268437103,LOUISRAA,3126,LOUIS RAVAZ,15,SABINES,0,21:29:34,0,1317,10152
268437108,LOUISRAA,3126,LOUIS RAVAZ,15,SABINES,0,22:25:49,1,4692,10152
268437103,COLLINEA,7124,LYCEE J. FERRY,15,SABINES,0,21:35:42,0,1685,10152
268437108,COLLINEA,7124,LYCEE J. FERRY,15,SABINES,0,22:31:57,1,5060,10152
268437103,CHEVALIA,10103,M. CHEVALIER,15,SABINES,0,21:18:48,0,671,10152
268437108,CHEVALIA,10103,M. CHEVALIER,15,SABINES,0,22:15:02,1,4045,10152
268437103,FLANDREA,10109,MAJOR FLANDRE,15,SABINES,0,21:24:30,0,1013,10152
268437108,FLANDREA,10109,MAJOR FLANDRE,15,SABINES,0,22:20:34,1,4377,10152
268437103,MARTELIA,7125,MARTELLIERE,15,SABINES,0,21:36:44,0,1747,10152
268437108,MARTELIA,7125,MARTELLIERE,15,SABINES,0,22:32:59,1,5122,10152
268437103,BAGNEREA,10155,MAS DE BAGNERES,15,SABINES,0,21:46:36,0,2339,10152
268437108,BAGNEREA,10155,MAS DE BAGNERES,15,SABINES,0,22:42:39,1,5702,10152
268437103,MILLENAA,10133,MILLENAIRE,15,SABINES,0,21:09:44,0,127,10152
268437108,MILLENAA,10133,MILLENAIRE,15,SABINES,0,22:05:59,1,3502,10152
268437103,ORMEAUXA,7162,ORMEAUX,15,SABINES,0,21:37:42,0,1805,10152
268437108,ORMEAUXA,7162,ORMEAUX,15,SABINES,0,22:34:16,1,5199,10152
268437103,PLIROND1,16134,PARC LIRONDE,15,SABINES,0,21:10:34,0,177,10152
268437108,PLIROND1,16134,PARC LIRONDE,15,SABINES,0,22:07:08,1,3571,10152
268437103,PASTOURA,10154,PASTOURELLES,15,SABINES,0,21:14:45,0,428,10152
268437108,PASTOURA,10154,PASTOURELLES,15,SABINES,0,22:10:58,1,3801,10152
268437103,PFAJONE,4139,PAUL FAJON,15,SABINES,0,21:39:30,0,1913,10152
268437108,PFAJONE,4139,PAUL FAJON,15,SABINES,0,22:36:04,1,5307,10152
268437103,LAROQUEA,10159,PIERRE LAROQUE,15,SABINES,0,21:13:37,0,360,10152
268437108,LAROQUEA,10159,PIERRE LAROQUE,15,SABINES,0,22:10:25,1,3768,10152
268437103,PINVILLA,10147,PINVILLE,15,SABINES,0,21:12:32,0,295,10152
268437108,PINVILLA,10147,PINVILLE,15,SABINES,0,22:08:36,1,3659,10152
268437103,PL_FRANE,9146,PLACE DE FRANCE,15,SABINES,0,21:08:45,0,68,10152
268437108,PL_FRANE,9146,PLACE DE FRANCE,15,SABINES,0,22:05:00,1,3443,10152
268437103,LESLACSA,8121,POMPIGNANE- LACS,15,SABINES,0,21:15:32,0,475,10152
268437108,LESLACSA,8121,POMPIGNANE- LACS,15,SABINES,0,22:12:19,1,3882,10152
268437103,RIEGESA,10113,RIEGES,15,SABINES,0,21:29:31,0,1314,10152
268437108,RIEGESA,10113,RIEGES,15,SABINES,0,22:26:20,1,4723,10152
268437103,ROQUETUA,10104,ROQUETURIERE,15,SABINES,0,21:19:31,0,714,10152
268437108,ROQUETUA,10104,ROQUETURIERE,15,SABINES,0,22:15:34,1,4077,10152
268437103,ROUGETE,4238,ROUGET DE LISLE,15,SABINES,0,21:39:42,0,1925,10152
268437108,ROUGETE,4238,ROUGET DE LISLE,15,SABINES,0,22:36:30,1,5333,10152
268437103,STELOIA,10136,SAINT-ELOI,15,SABINES,0,21:26:44,0,1147,10152
268437108,STELOIA,10136,SAINT-ELOI,15,SABINES,0,22:22:59,1,4522,10152
268437103,STLAZARA,10151,SAINT-LAZARE,15,SABINES,0,21:18:31,0,654,10152
268437108,STLAZARA,10151,SAINT-LAZARE,15,SABINES,0,22:14:35,1,4018,10152
268437103,STECATHA,10108,SAINTE-CATHERINE,15,SABINES,0,21:22:43,0,906,10152
268437108,STECATHA,10108,SAINTE-CATHERINE,15,SABINES,0,22:19:17,1,4300,10152
268437103,SALAISOA,8120,SALAISON,15,SABINES,0,21:15:45,0,488,10152
268437108,SALAISOA,8120,SALAISON,15,SABINES,0,22:11:59,1,3862,10152
268437103,POMPI10A,10148,SEMARD,15,SABINES,0,21:13:45,0,368,10152
268437108,POMPI10A,10148,SEMARD,15,SABINES,0,22:09:59,1,3742,10152
268437103,SGERMAIA,7161,SOPHIE GERMAIN,15,SABINES,0,21:36:38,0,1741,10152
268437108,SGERMAIA,7161,SOPHIE GERMAIN,15,SABINES,0,22:33:26,1,5149,10152
268437103,TONNELRA,10129,TONNELLES,15,SABINES,0,21:32:38,0,1501,10152
268437108,TONNELRA,10129,TONNELLES,15,SABINES,0,22:29:26,1,4909,10152
268437103,TOURTERA,10107,TOURTERELLES,15,SABINES,0,21:21:39,0,842,10152
268437108,TOURTERA,10107,TOURTERELLES,15,SABINES,0,22:18:27,1,4250,10152
268437103,VAUGUIEA,10144,VAUGUIERES,15,SABINES,0,21:09:34,0,117,10152
268437108,VAUGUIEA,10144,VAUGUIERES,15,SABINES,0,22:06:23,1,3526,10152
268437103,VOIEDOA,10112,VOIE DOMITIENNE,15,SABINES,0,21:27:34,0,1197,10152
268437108,VOIEDOA,10112,VOIE DOMITIENNE,15,SABINES,0,22:24:23,1,4606,10152
268437103,DUMANOIA,10157,YVES DU MANOIR,15,SABINES,0,21:42:45,0,2108,10152
268437108,DUMANOIA,10157,YVES DU MANOIR,15,SABINES,0,22:38:59,1,5482,10152
268437155,MALRAUXA,9126,ANDRE MALRAUX,16,CH. DE GAULLE,1,21:17:00,0,563,16501
268437157,MALRAUXA,9126,ANDRE MALRAUX,16,CH. DE GAULLE,1,22:17:00,0,4163,16501
268437155,APOLLO,9142,APOLLO,16,CH. DE GAULLE,1,21:19:00,0,683,16501
268437157,APOLLO,9142,APOLLO,16,CH. DE GAULLE,1,22:19:00,0,4283,16501
268437155,COLSVERA,9123,COLVERTS,16,CH. DE GAULLE,1,21:15:32,0,475,16501
268437157,COLSVERA,9123,COLVERTS,16,CH. DE GAULLE,1,22:15:32,0,4075,16501
268437155,MDURANDA,9125,MARIE DURAND,16,CH. DE GAULLE,1,21:16:34,0,537,16501
268437157,MDURANDA,9125,MARIE DURAND,16,CH. DE GAULLE,1,22:16:34,0,4137,16501
268437155,MASROCHR,8124,MAS DE ROCHET,16,CH. DE GAULLE,1,21:20:49,0,792,16501
268437157,MASROCHR,8124,MAS DE ROCHET,16,CH. DE GAULLE,1,22:20:49,0,4392,16501
268437155,PAINLEVA,9122,PAUL PAINLEVE,16,CH. DE GAULLE,1,21:15:00,0,443,16501
268437157,PAINLEVA,9122,PAUL PAINLEVE,16,CH. DE GAULLE,1,22:15:00,0,4043,16501
268437155,LAROQUEA,10159,PIERRE LAROQUE,16,CH. DE GAULLE,1,21:18:11,0,634,16501
268437157,LAROQUEA,10159,PIERRE LAROQUE,16,CH. DE GAULLE,1,22:18:11,0,4234,16501
268437155,PIOCHPER,8202,PIOCH PELAT,16,CH. DE GAULLE,1,21:21:48,0,851,16501
268437157,PIOCHPER,8202,PIOCH PELAT,16,CH. DE GAULLE,1,22:21:48,0,4451,16501
268437155,P_EUR16R,16403,PL. DE L'EUROPE,16,CH. DE GAULLE,1,21:12:00,0,263,16501
268437157,P_EUR16R,16403,PL. DE L'EUROPE,16,CH. DE GAULLE,1,22:12:00,0,3863,16501
268437155,PTJUVENR,16236,PONT JUVENAL,16,CH. DE GAULLE,1,21:11:24,0,227,16501
268437157,PTJUVENR,16236,PONT JUVENAL,16,CH. DE GAULLE,1,22:11:24,0,3827,16501
268437155,PMARIANN,16401,PORT MARIANNE,16,CH. DE GAULLE,1,21:10:00,0,143,16501
268437157,PMARIANN,16401,PORT MARIANNE,16,CH. DE GAULLE,1,22:10:00,0,3743,16501
268437155,STJEANA,9124,SAINT-JEAN,16,CH. DE GAULLE,1,21:15:53,0,496,16501
268437157,STJEANA,9124,SAINT-JEAN,16,CH. DE GAULLE,1,22:15:53,0,4096,16501
268437155,POMPIGND,9132,SEMARD,16,CH. DE GAULLE,1,21:17:31,0,594,16501
268437157,POMPIGND,9132,SEMARD,16,CH. DE GAULLE,1,22:17:31,0,4194,16501
268437156,MALRAUXR,9202,ANDRE MALRAUX,16,PORT MARIANNE,0,21:38:00,0,1823,16401
268437158,MALRAUXR,9202,ANDRE MALRAUX,16,PORT MARIANNE,0,22:33:00,0,5123,16401
268437156,APOLLOD,9145,APOLLO,16,PORT MARIANNE,0,21:36:00,0,1703,16401
268437158,APOLLOD,9145,APOLLO,16,PORT MARIANNE,0,22:31:00,0,5003,16401
268437156,CDG16D,16301,CH. DE GAULLE,16,PORT MARIANNE,0,21:35:00,0,1643,16401
268437158,CDG16D,16301,CH. DE GAULLE,16,PORT MARIANNE,0,22:30:00,0,4943,16401
268437156,COLSVERR,9205,COLVERTS,16,PORT MARIANNE,0,21:40:05,0,1948,16401
268437158,COLSVERR,9205,COLVERTS,16,PORT MARIANNE,0,22:35:05,0,5248,16401
268437156,MDURANDR,9203,MARIE DURAND,16,PORT MARIANNE,0,21:38:37,0,1860,16401
268437158,MDURANDR,9203,MARIE DURAND,16,PORT MARIANNE,0,22:33:37,0,5160,16401
268437156,MASROCHE,16303,MAS DE ROCHET,16,PORT MARIANNE,0,21:35:32,0,1675,16401
268437158,MASROCHE,16303,MAS DE ROCHET,16,PORT MARIANNE,0,22:30:32,0,4975,16401
268437156,PAINLEVR,9206,PAUL PAINLEVE,16,PORT MARIANNE,0,21:41:01,0,2004,16401
268437158,PAINLEVR,9206,PAUL PAINLEVE,16,PORT MARIANNE,0,22:36:01,0,5304,16401
268437156,LAROQUER,10259,PIERRE LAROQUE,16,PORT MARIANNE,0,21:36:53,0,1756,16401
268437158,LAROQUER,10259,PIERRE LAROQUE,16,PORT MARIANNE,0,22:31:53,0,5056,16401
268437156,PIOCHPEA,8122,PIOCH PELAT,16,PORT MARIANNE,0,21:35:18,0,1661,16401
268437158,PIOCHPEA,8122,PIOCH PELAT,16,PORT MARIANNE,0,22:30:18,0,4961,16401
268437156,P_EUR16A,16309,PL. DE L'EUROPE,16,PORT MARIANNE,0,21:43:01,0,2124,16401
268437158,P_EUR16A,16309,PL. DE L'EUROPE,16,PORT MARIANNE,0,22:38:00,1,5423,16401
268437156,PTJUVENA,16136,PONT JUVENAL,16,PORT MARIANNE,0,21:42:13,0,2076,16401
268437158,PTJUVENA,16136,PONT JUVENAL,16,PORT MARIANNE,0,22:37:13,0,5376,16401
268437156,STJEANR,9204,SAINT-JEAN,16,PORT MARIANNE,0,21:39:31,0,1914,16401
268437158,STJEANR,9204,SAINT-JEAN,16,PORT MARIANNE,0,22:34:31,0,5214,16401
268437156,STMICHEE,9208,SAINT-MICHEL,16,PORT MARIANNE,0,21:46:06,0,2309,16401
268437158,STMICHEE,9208,SAINT-MICHEL,16,PORT MARIANNE,0,22:41:05,1,5608,16401
268437156,POMPIG9R,9129,SEMARD,16,PORT MARIANNE,0,21:37:30,0,1793,16401
268437158,POMPIG9R,9129,SEMARD,16,PORT MARIANNE,0,22:32:30,0,5093,16401
268437256,CARRIERS,1143,CARRIERA,19,COUBERTIN,1,21:25:03,0,1046,1135
268437265,CARRIERS,1143,CARRIERA,19,COUBERTIN,1,21:55:03,0,2846,1135
268437267,CARRIERS,1143,CARRIERA,19,COUBERTIN,1,22:30:03,0,4946,1135
268437256,COMTENIS,1133,COMTE DE NICE,19,COUBERTIN,1,21:28:00,0,1223,1135
268437265,COMTENIS,1133,COMTE DE NICE,19,COUBERTIN,1,21:58:00,0,3023,1135
268437267,COMTENIS,1133,COMTE DE NICE,19,COUBERTIN,1,22:33:00,0,5123,1135
268437256,COMTETOS,1127,COMTE TOULOUSE,19,COUBERTIN,1,21:23:55,0,978,1135
268437265,COMTETOS,1127,COMTE TOULOUSE,19,COUBERTIN,1,21:53:55,0,2778,1135
268437267,COMTETOS,1127,COMTE TOULOUSE,19,COUBERTIN,1,22:28:55,0,4878,1135
268437256,CORSES,1132,CORSE,19,COUBERTIN,1,21:27:31,0,1194,1135
268437265,CORSES,1132,CORSE,19,COUBERTIN,1,21:57:31,0,2994,1135
268437267,CORSES,1132,CORSE,19,COUBERTIN,1,22:32:31,0,5094,1135
268437256,GEMEAUXS,1124,GEMEAUX,19,COUBERTIN,1,21:22:00,0,863,1135
268437265,GEMEAUXS,1124,GEMEAUX,19,COUBERTIN,1,21:52:00,0,2663,1135
268437267,GEMEAUXS,1124,GEMEAUX,19,COUBERTIN,1,22:27:00,0,4763,1135
268437256,HALLESPS,1137,HALLES PAILLADE,19,COUBERTIN,1,21:18:54,0,677,1135
268437265,HALLESPS,1137,HALLES PAILLADE,19,COUBERTIN,1,21:48:54,0,2477,1135
268437267,HALLESPS,1137,HALLES PAILLADE,19,COUBERTIN,1,22:23:54,0,4577,1135
268437256,HTMASSAS,1125,HAUTS DE MASSANE,19,COUBERTIN,1,21:23:00,0,923,1135
268437265,HTMASSAS,1125,HAUTS DE MASSANE,19,COUBERTIN,1,21:53:00,0,2723,1135
268437267,HTMASSAS,1125,HAUTS DE MASSANE,19,COUBERTIN,1,22:28:00,0,4823,1135
268437256,HDEPARTE,7132,HOT. DEPARTEMENT,19,COUBERTIN,1,21:15:00,0,443,1135
268437265,HDEPARTE,7132,HOT. DEPARTEMENT,19,COUBERTIN,1,21:45:00,0,2243,1135
268437267,HDEPARTE,7132,HOT. DEPARTEMENT,19,COUBERTIN,1,22:20:00,0,4343,1135
268437256,PREVERTS,1131,JACQUES PREVERT,19,COUBERTIN,1,21:26:44,0,1147,1135
268437265,PREVERTS,1131,JACQUES PREVERT,19,COUBERTIN,1,21:56:44,0,2947,1135
268437267,PREVERTS,1131,JACQUES PREVERT,19,COUBERTIN,1,22:31:44,0,5047,1135
268437256,LVINCI7S,7236,LYCEE DE VINCI,19,COUBERTIN,1,21:17:29,0,592,1135
268437265,LVINCI7S,7236,LYCEE DE VINCI,19,COUBERTIN,1,21:47:29,0,2392,1135
268437267,LVINCI7S,7236,LYCEE DE VINCI,19,COUBERTIN,1,22:22:29,0,4492,1135
268437256,MBELLEVS,1134,MAS DE BELLEVUE,19,COUBERTIN,1,21:29:07,0,1290,1135
268437265,MBELLEVS,1134,MAS DE BELLEVUE,19,COUBERTIN,1,21:59:07,0,3090,1135
268437267,MBELLEVS,1134,MAS DE BELLEVUE,19,COUBERTIN,1,22:34:07,0,5190,1135
268437256,OXFORDS,19202,OXFORD,19,COUBERTIN,1,21:18:00,0,623,1135
268437265,OXFORDS,19202,OXFORD,19,COUBERTIN,1,21:48:00,0,2423,1135
268437267,OXFORDS,19202,OXFORD,19,COUBERTIN,1,22:23:00,0,4523,1135
268437256,MALBOSCS,9227,PARC MALBOSC,19,COUBERTIN,1,21:16:10,0,513,1135
268437265,MALBOSCS,9227,PARC MALBOSC,19,COUBERTIN,1,21:46:10,0,2313,1135
268437267,MALBOSCS,9227,PARC MALBOSC,19,COUBERTIN,1,22:21:10,0,4413,1135
268437256,CARDENAS,1142,PIERRE CARDENAL,19,COUBERTIN,1,21:24:28,0,1011,1135
268437265,CARDENAS,1142,PIERRE CARDENAL,19,COUBERTIN,1,21:54:28,0,2811,1135
268437267,CARDENAS,1142,PIERRE CARDENAL,19,COUBERTIN,1,22:29:28,0,4911,1135
268437256,PITALIES,1130,PLACE D'ITALIE,19,COUBERTIN,1,21:25:27,0,1070,1135
268437265,PITALIES,1130,PLACE D'ITALIE,19,COUBERTIN,1,21:55:27,0,2870,1135
268437267,PITALIES,1130,PLACE D'ITALIE,19,COUBERTIN,1,22:30:27,0,4970,1135
268437256,R_ORANGS,1126,RAIMBAUD ORANGE,19,COUBERTIN,1,21:23:37,0,960,1135
268437265,R_ORANGS,1126,RAIMBAUD ORANGE,19,COUBERTIN,1,21:53:37,0,2760,1135
268437267,R_ORANGS,1126,RAIMBAUD ORANGE,19,COUBERTIN,1,22:28:37,0,4860,1135
268437256,UPPSALAS,19201,UPPSALA,19,COUBERTIN,1,21:20:22,0,765,1135
268437265,UPPSALAS,19201,UPPSALA,19,COUBERTIN,1,21:50:22,0,2565,1135
268437267,UPPSALAS,19201,UPPSALA,19,COUBERTIN,1,22:25:22,0,4665,1135
268437263,CARRIERE,1208,CARRIERA,19,H. DEPARTEMENT,0,21:28:51,0,1274,7143
268437263,COMTENIE,1203,COMTE DE NICE,19,H. DEPARTEMENT,0,21:26:00,0,1103,7143
268437263,COMTETOE,1210,COMTE TOULOUSE,19,H. DEPARTEMENT,0,21:29:54,0,1337,7143
268437263,CORSEE,1204,CORSE,19,H. DEPARTEMENT,0,21:26:31,0,1134,7143
268437263,GEMEAUXE,1213,GEMEAUX,19,H. DEPARTEMENT,0,21:33:00,0,1523,7143
268437263,HALLESPE,1240,HALLES PAILLADE,19,H. DEPARTEMENT,0,21:35:06,0,1649,7143
268437263,HTMASSAE,1212,HAUTS DE MASSANE,19,H. DEPARTEMENT,0,21:31:00,0,1403,7143
268437263,PREVERTE,1205,JACQUES PREVERT,19,H. DEPARTEMENT,0,21:27:09,0,1172,7143
268437254,LVINCI7E,7136,LYCEE DE VINCI,19,H. DEPARTEMENT,0,21:08:31,0,54,7143
268437263,LVINCI7E,7136,LYCEE DE VINCI,19,H. DEPARTEMENT,0,21:37:14,0,1777,7143
268437263,MBELLEVE,1202,MAS DE BELLEVUE,19,H. DEPARTEMENT,0,21:25:33,0,1076,7143
268437263,OXFORD,1138,OXFORD,19,H. DEPARTEMENT,0,21:36:01,0,1704,7143
268437263,COUBERTE,1141,P. DE COUBERTIN,19,H. DEPARTEMENT,0,21:25:00,0,1043,7143
268437263,CARDENAE,1209,PIERRE CARDENAL,19,H. DEPARTEMENT,0,21:29:36,0,1319,7143
268437263,PITALIEE,1206,PLACE D'ITALIE,19,H. DEPARTEMENT,0,21:28:22,0,1245,7143
268437263,R_ORANGE,1211,RAIMBAUD ORANGE,19,H. DEPARTEMENT,0,21:30:26,0,1369,7143
268437263,STPAUE_B,19102,SAINT-PAUL,19,H. DEPARTEMENT,0,21:33:35,0,1558,7143
268436061,AIGUETWS,42147,AIGUELONGUE,2,JACOU,0,21:28:30,0,1253,42169
268435877,AIGUETWS,42147,AIGUELONGUE,2,JACOU,0,21:59:00,0,3083,42169
268435950,AIGUETWS,42147,AIGUELONGUE,2,JACOU,0,22:29:00,0,4883,42169
268435989,AUBEROUS,42163,AUBE ROUGE,2,JACOU,0,21:13:37,0,360,42169
268436061,AUBEROUS,42163,AUBE ROUGE,2,JACOU,0,21:38:31,0,1854,42169
268435877,AUBEROUS,42163,AUBE ROUGE,2,JACOU,0,22:09:01,0,3684,42169
268436061,BXARTTWS,42143,BEAUX-ARTS,2,JACOU,0,21:25:32,0,1075,42169
268435877,BXARTTWS,42143,BEAUX-ARTS,2,JACOU,0,21:56:02,0,2905,42169
268435950,BXARTTWS,42143,BEAUX-ARTS,2,JACOU,0,22:26:02,0,4705,42169
268435989,CENTUTWS,42157,CENTURIONS,2,JACOU,0,21:10:47,0,190,42169
268436061,CENTUTWS,42157,CENTURIONS,2,JACOU,0,21:34:46,0,1629,42169
268435877,CENTUTWS,42157,CENTURIONS,2,JACOU,0,22:05:41,0,3484,42169
268436061,DEGAULLS,42151,CH. DE GAULLE,2,JACOU,0,21:31:36,0,1439,42169
268435877,DEGAULLS,42151,CH. DE GAULLE,2,JACOU,0,22:02:00,0,3263,42169
268435950,DEGAULLS,42151,CH. DE GAULLE,2,JACOU,0,22:32:00,0,5063,42169
268435989,CLAIRTWS,42153,CLAIRVAL,2,JACOU,0,21:07:40,0,3,42169
268436061,CLAIRTWS,42153,CLAIRVAL,2,JACOU,0,21:32:34,0,1497,42169
268435877,CLAIRTWS,42153,CLAIRVAL,2,JACOU,0,22:03:04,0,3327,42169
268436061,COMEDRTW,41223,COMEDIE,2,JACOU,0,21:21:30,0,833,42169
268435877,COMEDRTW,41223,COMEDIE,2,JACOU,0,21:52:00,0,2663,42169
268435950,COMEDRTW,41223,COMEDIE,2,JACOU,0,22:22:00,0,4463,42169
268436061,CORUM2S,42141,CORUM T2,2,JACOU,0,21:24:30,0,1013,42169
268435877,CORUM2S,42141,CORUM T2,2,JACOU,0,21:55:00,0,2843,42169
268435950,CORUM2S,42141,CORUM T2,2,JACOU,0,22:25:00,0,4643,42169
268436061,CXARGTWE,42115,CROIX D'ARGENT,2,JACOU,0,21:09:30,0,113,42169
268435877,CXARGTWE,42115,CROIX D'ARGENT,2,JACOU,0,21:40:00,0,1943,42169
268435950,CXARGTWE,42115,CROIX D'ARGENT,2,JACOU,0,22:10:00,0,3743,42169
268436061,GARERTW,41221,GARE ST-ROCH T1,2,JACOU,0,21:19:30,0,713,42169
268435877,GARERTW,41221,GARE ST-ROCH T1,2,JACOU,0,21:50:00,0,2543,42169
268435950,GARERTW,41221,GARE ST-ROCH T1,2,JACOU,0,22:20:00,0,4343,42169
268435989,GPOMPTWS,42167,GEORGES POMPIDOU,2,JACOU,0,21:19:37,0,720,42169
268436061,GPOMPTWS,42167,GEORGES POMPIDOU,2,JACOU,0,21:44:31,0,2214,42169
268435877,GPOMPTWS,42167,GEORGES POMPIDOU,2,JACOU,0,22:15:01,0,4044,42169
268435877,CONDATWE,42105,LA CONDAMINE,2,JACOU,0,21:32:00,0,1463,42169
268435950,CONDATWE,42105,LA CONDAMINE,2,JACOU,0,22:02:00,0,3263,42169
268435991,CONDATWE,42105,LA CONDAMINE,2,JACOU,0,22:32:00,0,5063,42169
268435989,GALINTWS,42155,LA GALINE,2,JACOU,0,21:08:31,0,54,42169
268436061,GALINTWS,42155,LA GALINE,2,JACOU,0,21:33:51,0,1574,42169
268435877,GALINTWS,42155,LA GALINE,2,JACOU,0,22:04:21,0,3404,42169
268436061,LEMASTWE,42119,LEMASSON,2,JACOU,0,21:11:51,0,254,42169
268435877,LEMASTWE,42119,LEMASSON,2,JACOU,0,21:42:46,0,2109,42169
268435950,LEMASTWE,42119,LEMASSON,2,JACOU,0,22:12:46,0,3909,42169
268435877,GRISETTE,42109,LES GRISETTES,2,JACOU,0,21:35:00,0,1643,42169
268435950,GRISETTE,42109,LES GRISETTES,2,JACOU,0,22:05:00,0,3443,42169
268435991,GRISETTE,42109,LES GRISETTES,2,JACOU,0,22:35:00,0,5243,42169
268436061,ABBESTWS,42145,MAIL DES ABBES,2,JACOU,0,21:26:41,0,1144,42169
268435877,ABBESTWS,42145,MAIL DES ABBES,2,JACOU,0,21:57:11,0,2974,42169
268435950,ABBESTWS,42145,MAIL DES ABBES,2,JACOU,0,22:27:11,0,4774,42169
268436061,DREVOTWE,42117,MAS DREVON,2,JACOU,0,21:10:39,0,182,42169
268435877,DREVOTWE,42117,MAS DREVON,2,JACOU,0,21:41:09,0,2012,42169
268435950,DREVOTWE,42117,MAS DREVON,2,JACOU,0,22:11:09,0,3812,42169
268435989,SABLASSS,42159,ND DE SABLASSOU,2,JACOU,0,21:11:37,0,240,42169
268436061,SABLASSS,42159,ND DE SABLASSOU,2,JACOU,0,21:36:31,0,1734,42169
268435877,SABLASSS,42159,ND DE SABLASSOU,2,JACOU,0,22:07:01,0,3564,42169
268436061,NVSTROCE,42123,NOUVEAU ST-ROCH,2,JACOU,0,21:15:30,0,473,42169
268435877,NVSTROCE,42123,NOUVEAU ST-ROCH,2,JACOU,0,21:46:00,0,2303,42169
268435950,NVSTROCE,42123,NOUVEAU ST-ROCH,2,JACOU,0,22:16:00,0,4103,42169
268435989,PLANKSTS,42171,PLANKSTADT,2,JACOU,0,21:15:37,0,480,42169
268436061,PLANKSTS,42171,PLANKSTADT,2,JACOU,0,21:40:31,0,1974,42169
268435877,PLANKSTS,42171,PLANKSTADT,2,JACOU,0,22:11:01,0,3804,42169
268436061,RONDETWE,42125,RONDELET,2,JACOU,0,21:17:30,0,593,42169
268435877,RONDETWE,42125,RONDELET,2,JACOU,0,21:47:54,0,2417,42169
268435950,RONDETWE,42125,RONDELET,2,JACOU,0,22:17:54,0,4217,42169
268435877,SABINESE,42111,SABINES,2,JACOU,0,21:37:00,0,1763,42169
268435950,SABINESE,42111,SABINES,2,JACOU,0,22:07:00,0,3563,42169
268435991,SABINESE,42111,SABINES,2,JACOU,0,22:37:00,0,5363,42169
268436061,STCLETWE,42121,SAINT-CLEOPHAS,2,JACOU,0,21:13:30,0,353,42169
268435877,STCLETWE,42121,SAINT-CLEOPHAS,2,JACOU,0,21:44:00,0,2183,42169
268435950,STCLETWE,42121,SAINT-CLEOPHAS,2,JACOU,0,22:14:00,0,3983,42169
268436061,STLAZTWS,42149,SAINT-LAZARE,2,JACOU,0,21:29:33,0,1316,42169
268435877,STLAZTWS,42149,SAINT-LAZARE,2,JACOU,0,22:00:03,0,3146,42169
268435950,STLAZTWS,42149,SAINT-LAZARE,2,JACOU,0,22:30:03,0,4946,42169
268435877,VEDASD,42101,ST-JEAN CENTRE,2,JACOU,0,21:29:00,0,1283,42169
268435950,VEDASD,42101,ST-JEAN CENTRE,2,JACOU,0,21:59:00,0,3083,42169
268435991,VEDASD,42101,ST-JEAN CENTRE,2,JACOU,0,22:29:00,0,4883,42169
268435877,STJSECE,42103,ST-JEAN LE SEC,2,JACOU,0,21:31:00,0,1403,42169
268435950,STJSECE,42103,ST-JEAN LE SEC,2,JACOU,0,22:01:00,0,3203,42169
268435991,STJSECE,42103,ST-JEAN LE SEC,2,JACOU,0,22:31:00,0,5003,42169
268435989,VDOMITIS,42165,VIA DOMITIA,2,JACOU,0,21:17:37,0,600,42169
268436061,VDOMITIS,42165,VIA DOMITIA,2,JACOU,0,21:42:31,0,2094,42169
268435877,VDOMITIS,42165,VIA DOMITIA,2,JACOU,0,22:13:01,0,3924,42169
268435877,VICTOIRS,42107,VICTOIRE 2,2,JACOU,0,21:34:00,0,1583,42169
268435950,VICTOIRS,42107,VICTOIRE 2,2,JACOU,0,22:04:00,0,3383,42169
268435991,VICTOIRS,42107,VICTOIRE 2,2,JACOU,0,22:34:00,0,5183,42169
268436061,ANGOUTWE,42113,VIL. D'ANGOULEME,2,JACOU,0,21:08:30,0,53,42169
268435877,ANGOUTWE,42113,VIL. D'ANGOULEME,2,JACOU,0,21:39:00,0,1883,42169
268435950,ANGOUTWE,42113,VIL. D'ANGOULEME,2,JACOU,0,22:09:00,0,3683,42169
268435949,AIGUETWE,42223,AIGUELONGUE,2,ST-JEAN DE VEDAS,1,21:20:34,0,777,42101
268435990,AIGUETWE,42223,AIGUELONGUE,2,ST-JEAN DE VEDAS,1,21:50:00,0,2543,42101
268436062,AIGUETWE,42223,AIGUELONGUE,2,ST-JEAN DE VEDAS,1,22:20:00,0,4343,42101
268435949,AUBEROUE,42207,AUBE ROUGE,2,ST-JEAN DE VEDAS,1,21:10:34,0,177,42101
268435990,AUBEROUE,42207,AUBE ROUGE,2,ST-JEAN DE VEDAS,1,21:40:00,0,1943,42101
268436062,AUBEROUE,42207,AUBE ROUGE,2,ST-JEAN DE VEDAS,1,22:10:00,0,3743,42101
268435949,BXARTTWE,42227,BEAUX-ARTS,2,ST-JEAN DE VEDAS,1,21:24:36,0,1019,42101
268435990,BXARTTWE,42227,BEAUX-ARTS,2,ST-JEAN DE VEDAS,1,21:53:41,0,2764,42101
268436062,BXARTTWE,42227,BEAUX-ARTS,2,ST-JEAN DE VEDAS,1,22:23:41,0,4564,42101
268435949,CENTUTWE,42213,CENTURIONS,2,ST-JEAN DE VEDAS,1,21:13:30,0,353,42101
268435990,CENTUTWE,42213,CENTURIONS,2,ST-JEAN DE VEDAS,1,21:43:19,0,2142,42101
268436062,CENTUTWE,42213,CENTURIONS,2,ST-JEAN DE VEDAS,1,22:13:19,0,3942,42101
268435949,DEGAULLE,42219,CH. DE GAULLE,2,ST-JEAN DE VEDAS,1,21:17:34,0,597,42101
268435990,DEGAULLE,42219,CH. DE GAULLE,2,ST-JEAN DE VEDAS,1,21:47:00,0,2363,42101
268436062,DEGAULLE,42219,CH. DE GAULLE,2,ST-JEAN DE VEDAS,1,22:17:00,0,4163,42101
268435949,CLAIRTWE,42217,CLAIRVAL,2,ST-JEAN DE VEDAS,1,21:16:30,0,533,42101
268435990,CLAIRTWE,42217,CLAIRVAL,2,ST-JEAN DE VEDAS,1,21:45:56,0,2299,42101
268436062,CLAIRTWE,42217,CLAIRVAL,2,ST-JEAN DE VEDAS,1,22:15:56,0,4099,42101
268435949,COMEDATW,41133,COMEDIE,2,ST-JEAN DE VEDAS,1,21:28:33,0,1256,42101
268435990,COMEDATW,41133,COMEDIE,2,ST-JEAN DE VEDAS,1,21:57:59,0,3022,42101
268436062,COMEDATW,41133,COMEDIE,2,ST-JEAN DE VEDAS,1,22:27:59,0,4822,42101
268435949,CORUM2E,42229,CORUM T2,2,ST-JEAN DE VEDAS,1,21:25:33,0,1076,42101
268435990,CORUM2E,42229,CORUM T2,2,ST-JEAN DE VEDAS,1,21:54:59,0,2842,42101
268436062,CORUM2E,42229,CORUM T2,2,ST-JEAN DE VEDAS,1,22:24:59,0,4642,42101
268435949,CXARGTWS,42255,CROIX D'ARGENT,2,ST-JEAN DE VEDAS,1,21:40:33,0,1976,42101
268435990,CXARGTWS,42255,CROIX D'ARGENT,2,ST-JEAN DE VEDAS,1,22:09:59,0,3742,42101
268436062,CXARGTWS,42255,CROIX D'ARGENT,2,ST-JEAN DE VEDAS,1,22:40:00,1,5543,42101
268435949,GARETW,41135,GARE ST-ROCH T1,2,ST-JEAN DE VEDAS,1,21:30:33,0,1376,42101
268435990,GARETW,41135,GARE ST-ROCH T1,2,ST-JEAN DE VEDAS,1,21:59:59,0,3142,42101
268436062,GARETW,41135,GARE ST-ROCH T1,2,ST-JEAN DE VEDAS,1,22:29:59,0,4942,42101
268435990,GPOMPTWE,42203,GEORGES POMPIDOU,2,ST-JEAN DE VEDAS,1,21:34:00,0,1583,42101
268436062,GPOMPTWE,42203,GEORGES POMPIDOU,2,ST-JEAN DE VEDAS,1,22:04:00,0,3383,42101
268435878,GPOMPTWE,42203,GEORGES POMPIDOU,2,ST-JEAN DE VEDAS,1,22:34:00,0,5183,42101
268435990,JACOUTWS,42169,JACOU,2,ST-JEAN DE VEDAS,1,21:32:00,0,1463,42101
268436062,JACOUTWS,42169,JACOU,2,ST-JEAN DE VEDAS,1,22:02:00,0,3263,42101
268435878,JACOUTWS,42169,JACOU,2,ST-JEAN DE VEDAS,1,22:32:00,0,5063,42101
268435876,CONDATWS,42265,LA CONDAMINE,2,ST-JEAN DE VEDAS,1,21:15:13,0,456,42101
268435949,CONDATWS,42265,LA CONDAMINE,2,ST-JEAN DE VEDAS,1,21:48:33,0,2456,42101
268435990,CONDATWS,42265,LA CONDAMINE,2,ST-JEAN DE VEDAS,1,22:17:59,0,4222,42101
268435949,GALINTWE,42215,LA GALINE,2,ST-JEAN DE VEDAS,1,21:15:34,0,477,42101
268435990,GALINTWE,42215,LA GALINE,2,ST-JEAN DE VEDAS,1,21:44:39,0,2222,42101
268436062,GALINTWE,42215,LA GALINE,2,ST-JEAN DE VEDAS,1,22:14:39,0,4022,42101
268435949,LEMASTWS,42251,LEMASSON,2,ST-JEAN DE VEDAS,1,21:38:00,0,1823,42101
268435990,LEMASTWS,42251,LEMASSON,2,ST-JEAN DE VEDAS,1,22:07:14,0,3577,42101
268436062,LEMASTWS,42251,LEMASSON,2,ST-JEAN DE VEDAS,1,22:37:14,0,5377,42101
268435876,GRISETTS,42261,LES GRISETTES,2,ST-JEAN DE VEDAS,1,21:12:13,0,276,42101
268435949,GRISETTS,42261,LES GRISETTES,2,ST-JEAN DE VEDAS,1,21:45:33,0,2276,42101
268435990,GRISETTS,42261,LES GRISETTES,2,ST-JEAN DE VEDAS,1,22:14:59,0,4042,42101
268435949,ABBESTWE,42225,MAIL DES ABBES,2,ST-JEAN DE VEDAS,1,21:22:50,0,913,42101
268435990,ABBESTWE,42225,MAIL DES ABBES,2,ST-JEAN DE VEDAS,1,21:52:16,0,2679,42101
268436062,ABBESTWE,42225,MAIL DES ABBES,2,ST-JEAN DE VEDAS,1,22:22:16,0,4479,42101
268435949,DREVOTWS,42253,MAS DREVON,2,ST-JEAN DE VEDAS,1,21:39:31,0,1914,42101
268435990,DREVOTWS,42253,MAS DREVON,2,ST-JEAN DE VEDAS,1,22:08:51,0,3674,42101
268436062,DREVOTWS,42253,MAS DREVON,2,ST-JEAN DE VEDAS,1,22:38:51,0,5474,42101
268435949,SABLASSE,42211,ND DE SABLASSOU,2,ST-JEAN DE VEDAS,1,21:12:34,0,297,42101
268435990,SABLASSE,42211,ND DE SABLASSOU,2,ST-JEAN DE VEDAS,1,21:42:00,0,2063,42101
268436062,SABLASSE,42211,ND DE SABLASSOU,2,ST-JEAN DE VEDAS,1,22:12:00,0,3863,42101
268435949,NVSTROCS,42247,NOUVEAU ST-ROCH,2,ST-JEAN DE VEDAS,1,21:34:33,0,1616,42101
268435990,NVSTROCS,42247,NOUVEAU ST-ROCH,2,ST-JEAN DE VEDAS,1,22:03:59,0,3382,42101
268436062,NVSTROCS,42247,NOUVEAU ST-ROCH,2,ST-JEAN DE VEDAS,1,22:33:59,0,5182,42101
268435949,PLANKSTE,42271,PLANKSTADT,2,ST-JEAN DE VEDAS,1,21:08:34,0,57,42101
268435990,PLANKSTE,42271,PLANKSTADT,2,ST-JEAN DE VEDAS,1,21:38:00,0,1823,42101
268436062,PLANKSTE,42271,PLANKSTADT,2,ST-JEAN DE VEDAS,1,22:08:00,0,3623,42101
268435949,RONDETWS,42245,RONDELET,2,ST-JEAN DE VEDAS,1,21:32:37,0,1500,42101
268435990,RONDETWS,42245,RONDELET,2,ST-JEAN DE VEDAS,1,22:02:03,0,3266,42101
268436062,RONDETWS,42245,RONDELET,2,ST-JEAN DE VEDAS,1,22:32:03,0,5066,42101
268435876,SABINESS,42259,SABINES,2,ST-JEAN DE VEDAS,1,21:10:13,0,156,42101
268435949,SABINESS,42259,SABINES,2,ST-JEAN DE VEDAS,1,21:43:33,0,2156,42101
268435990,SABINESS,42259,SABINES,2,ST-JEAN DE VEDAS,1,22:12:59,0,3922,42101
268435949,STCLETWS,42249,SAINT-CLEOPHAS,2,ST-JEAN DE VEDAS,1,21:36:33,0,1736,42101
268435990,STCLETWS,42249,SAINT-CLEOPHAS,2,ST-JEAN DE VEDAS,1,22:05:59,0,3502,42101
268436062,STCLETWS,42249,SAINT-CLEOPHAS,2,ST-JEAN DE VEDAS,1,22:35:59,0,5302,42101
268435949,STLAZTWE,42221,SAINT-LAZARE,2,ST-JEAN DE VEDAS,1,21:19:30,0,713,42101
268435990,STLAZTWE,42221,SAINT-LAZARE,2,ST-JEAN DE VEDAS,1,21:48:56,0,2479,42101
268436062,STLAZTWE,42221,SAINT-LAZARE,2,ST-JEAN DE VEDAS,1,22:18:56,0,4279,42101
268435876,STJSECS,42267,ST-JEAN LE SEC,2,ST-JEAN DE VEDAS,1,21:16:13,0,516,42101
268435949,STJSECS,42267,ST-JEAN LE SEC,2,ST-JEAN DE VEDAS,1,21:49:33,0,2516,42101
268435990,STJSECS,42267,ST-JEAN LE SEC,2,ST-JEAN DE VEDAS,1,22:18:59,0,4282,42101
268435990,VDOMITIE,42205,VIA DOMITIA,2,ST-JEAN DE VEDAS,1,21:36:00,0,1703,42101
268436062,VDOMITIE,42205,VIA DOMITIA,2,ST-JEAN DE VEDAS,1,22:06:00,0,3503,42101
268435878,VDOMITIE,42205,VIA DOMITIA,2,ST-JEAN DE VEDAS,1,22:36:00,0,5303,42101
268435876,VICTOIRE,42263,VICTOIRE 2,2,ST-JEAN DE VEDAS,1,21:14:13,0,396,42101
268435949,VICTOIRE,42263,VICTOIRE 2,2,ST-JEAN DE VEDAS,1,21:47:33,0,2396,42101
268435990,VICTOIRE,42263,VICTOIRE 2,2,ST-JEAN DE VEDAS,1,22:16:59,0,4162,42101
268435876,ANGOUTWS,42257,VIL. D'ANGOULEME,2,ST-JEAN DE VEDAS,1,21:08:12,0,35,42101
268435949,ANGOUTWS,42257,VIL. D'ANGOULEME,2,ST-JEAN DE VEDAS,1,21:41:32,0,2035,42101
268435990,ANGOUTWS,42257,VIL. D'ANGOULEME,2,ST-JEAN DE VEDAS,1,22:10:58,0,3801,42101
268436150,ASTRUT3S,43241,ASTRUC,3,JUVIGNAC,0,21:34:13,0,1596,43101
268436150,BOIRAT3E,43209,BOIRARGUES,3,JUVIGNAC,0,21:09:34,0,117,43101
268436208,BOIRAT3E,43209,BOIRARGUES,3,JUVIGNAC,0,21:39:00,0,1883,43101
268436316,CELLET3S,43253,CELLENEUVE,3,JUVIGNAC,0,21:11:10,0,213,43101
268436150,CELLET3S,43253,CELLENEUVE,3,JUVIGNAC,0,21:44:21,0,2204,43101
268436318,COUGOT3E,43261,COUGOURLUDE,3,JUVIGNAC,0,22:39:00,1,5483,43101
268436208,ECOPOLEE,43207,ECOPOLE,3,JUVIGNAC,0,21:37:00,0,1763,43101
268436265,ECOPOLEE,43207,ECOPOLE,3,JUVIGNAC,0,22:12:00,0,3863,43101
268436152,ECOPOLEE,43207,ECOPOLE,3,JUVIGNAC,0,23:12:00,1,7463,43101
268436150,GARETW3A,43127,GARE ST-ROCH T3,3,JUVIGNAC,0,21:25:34,0,1077,43101
268436150,HDEPTT3S,43249,HOT. DEPARTEMENT,3,JUVIGNAC,0,21:40:33,0,1976,43101
268436318,HTLIRT3E,43263,HTS LA LIRONDE,3,JUVIGNAC,0,22:41:00,1,5603,43101
268436150,GUESDT3S,43243,JULES GUESDE,3,JUVIGNAC,0,21:35:33,0,1676,43101
268436318,LATTEST3,43259,LATTES CENTRE,3,JUVIGNAC,0,22:37:00,0,5363,43101
268436150,ARCEAT3S,43239,LES ARCEAUX,3,JUVIGNAC,0,21:32:05,0,1468,43101
268436316,MOSSOT3S,43255,MOSSON T3,3,JUVIGNAC,0,21:12:25,0,288,43101
268436150,MOSSOT3S,43255,MOSSON T3,3,JUVIGNAC,0,21:45:34,0,2277,43101
268436208,MOSSOT3S,43255,MOSSON T3,3,JUVIGNAC,0,22:15:00,0,4043,43101
268436150,MOULARTW,41209,MOULARES,3,JUVIGNAC,0,21:17:16,0,579,43101
268436208,MOULARTW,41209,MOULARES,3,JUVIGNAC,0,21:46:44,0,2347,43101
268436150,OBSERT3S,43233,OBSERVATOIRE,3,JUVIGNAC,0,21:26:34,0,1137,43101
268436150,PICASSOE,43213,PABLO PICASSO,3,JUVIGNAC,0,21:12:34,0,297,43101
268436208,PICASSOE,43213,PABLO PICASSO,3,JUVIGNAC,0,21:42:00,0,2063,43101
268436208,PEXPOT3E,43205,PARC EXPO,3,JUVIGNAC,0,21:35:00,0,1643,43101
268436265,PEXPOT3E,43205,PARC EXPO,3,JUVIGNAC,0,22:10:00,0,3743,43101
268436152,PEXPOT3E,43205,PARC EXPO,3,JUVIGNAC,0,23:10:00,1,7343,43101
268436150,PERGOT3S,43247,PERGOLA,3,JUVIGNAC,0,21:39:23,0,1906,43101
268436208,PEROLT3E,43203,PEROLS CENTRE,3,JUVIGNAC,0,21:32:00,0,1463,43101
268436265,PEROLT3E,43203,PEROLS CENTRE,3,JUVIGNAC,0,22:07:00,0,3563,43101
268436152,PEROLT3E,43203,PEROLS CENTRE,3,JUVIGNAC,0,23:07:00,1,7163,43101
268436208,ETGLORT3,43201,PEROLS ETANG OR,3,JUVIGNAC,0,21:30:00,0,1343,43101
268436265,ETGLORT3,43201,PEROLS ETANG OR,3,JUVIGNAC,0,22:05:00,0,3443,43101
268436152,ETGLORT3,43201,PEROLS ETANG OR,3,JUVIGNAC,0,23:05:00,1,7043,43101
268436316,PILORT3S,43251,PILORY,3,JUVIGNAC,0,21:08:28,0,51,43101
268436150,PILORT3S,43251,PILORY,3,JUVIGNAC,0,21:41:37,0,2040,43101
268436150,CARNOTWE,42241,PLACE CARNOT,3,JUVIGNAC,0,21:22:34,0,897,43101
268436150,PCABT3S,43237,PLAN CABANES,3,JUVIGNAC,0,21:30:34,0,1377,43101
268436150,PMARIRTW,41207,PORT MARIANNE,3,JUVIGNAC,0,21:15:34,0,477,43101
268436208,PMARIRTW,41207,PORT MARIANNE,3,JUVIGNAC,0,21:45:00,0,2243,43101
268436150,RLEZ2E,42237,RIVES DU LEZ T3,3,JUVIGNAC,0,21:19:34,0,717,43101
268436208,RLEZ2E,42237,RIVES DU LEZ T3,3,JUVIGNAC,0,21:49:00,0,2483,43101
268436150,STDENT3S,43235,SAINT-DENIS T3,3,JUVIGNAC,0,21:29:34,0,1317,43101
268436150,TONNET3S,43245,TONNELLES,3,JUVIGNAC,0,21:37:12,0,1775,43101
268436150,VOLTAIRE,42239,VOLTAIRE,3,JUVIGNAC,0,21:21:00,0,803,43101
268436208,VOLTAIRE,42239,VOLTAIRE,3,JUVIGNAC,0,21:50:28,0,2571,43101
268436317,ASTRUT3E,43117,ASTRUC,3,LATTES CENTRE,1,21:50:55,0,2598,43259
268436244,BOIRAT3S,43149,BOIRARGUES,3,LATTES CENTRE,1,21:24:37,0,1020,43259
268436317,CELLRT3E,43105,CELLENEUVE,3,LATTES CENTRE,1,21:40:47,0,1990,43259
268436244,COUGOT3S,43161,COUGOURLUDE,3,LATTES CENTRE,1,21:29:37,0,1320,43259
268436317,COUGOT3S,43161,COUGOURLUDE,3,LATTES CENTRE,1,22:18:59,0,4282,43259
268436209,COUGOT3S,43161,COUGOURLUDE,3,LATTES CENTRE,1,23:19:00,1,7883,43259
268436244,GARETW3R,43231,GARE ST-ROCH T3,3,LATTES CENTRE,1,21:10:37,0,180,43259
268436317,GARETW3R,43231,GARE ST-ROCH T3,3,LATTES CENTRE,1,21:59:59,0,3142,43259
268436317,HDEPTT3E,43109,HOT. DEPARTEMENT,3,LATTES CENTRE,1,21:44:00,0,2183,43259
268436244,HTLIRT3S,43159,HTS LA LIRONDE,3,LATTES CENTRE,1,21:27:37,0,1200,43259
268436317,HTLIRT3S,43159,HTS LA LIRONDE,3,LATTES CENTRE,1,22:16:59,0,4162,43259
268436209,HTLIRT3S,43159,HTS LA LIRONDE,3,LATTES CENTRE,1,23:17:00,1,7763,43259
268436317,GUESDT3E,43115,JULES GUESDE,3,LATTES CENTRE,1,21:49:00,0,2483,43259
268436317,JUVIGNAC,43101,JUVIGNAC,3,LATTES CENTRE,1,21:34:00,0,1583,43259
268436209,JUVIGNAC,43101,JUVIGNAC,3,LATTES CENTRE,1,22:34:00,0,5183,43259
268436317,ARCEAT3E,43119,LES ARCEAUX,3,LATTES CENTRE,1,21:52:38,0,2701,43259
268436317,MOSSOT3E,43103,MOSSON T3,3,LATTES CENTRE,1,21:39:00,0,1883,43259
268436244,MOULAATW,41147,MOULARES,3,LATTES CENTRE,1,21:18:44,0,667,43259
268436317,MOULAATW,41147,MOULARES,3,LATTES CENTRE,1,22:07:36,0,3599,43259
268436244,OBSERT3E,43125,OBSERVATOIRE,3,LATTES CENTRE,1,21:08:37,0,60,43259
268436317,OBSERT3E,43125,OBSERVATOIRE,3,LATTES CENTRE,1,21:57:59,0,3022,43259
268436244,PICASSOS,43145,PABLO PICASSO,3,LATTES CENTRE,1,21:21:37,0,840,43259
268436317,PICASSOS,43145,PABLO PICASSO,3,LATTES CENTRE,1,22:10:59,0,3802,43259
268436317,PERGOT3E,43111,PERGOLA,3,LATTES CENTRE,1,21:45:51,0,2294,43259
268436317,PILORT3E,43107,PILORY,3,LATTES CENTRE,1,21:42:56,0,2119,43259
268436244,CARNOTWS,42129,PLACE CARNOT,3,LATTES CENTRE,1,21:13:37,0,360,43259
268436317,CARNOTWS,42129,PLACE CARNOT,3,LATTES CENTRE,1,22:02:59,0,3322,43259
268436317,PCABT3E,43121,PLAN CABANES,3,LATTES CENTRE,1,21:53:59,0,2782,43259
268436244,PMARIATW,41149,PORT MARIANNE,3,LATTES CENTRE,1,21:19:37,0,720,43259
268436317,PMARIATW,41149,PORT MARIANNE,3,LATTES CENTRE,1,22:08:59,0,3682,43259
268436244,RLEZ2S,42133,RIVES DU LEZ T3,3,LATTES CENTRE,1,21:16:37,0,540,43259
268436317,RLEZ2S,42133,RIVES DU LEZ T3,3,LATTES CENTRE,1,22:05:59,0,3502,43259
268436317,STDENT3E,43123,SAINT-DENIS,3,LATTES CENTRE,1,21:55:59,0,2902,43259
268436317,TONNET3E,43113,TONNELLES,3,LATTES CENTRE,1,21:47:19,0,2382,43259
268436244,VOLTAIRS,42131,VOLTAIRE,3,LATTES CENTRE,1,21:15:39,0,482,43259
268436317,VOLTAIRS,42131,VOLTAIRE,3,LATTES CENTRE,1,22:04:31,0,3414,43259
268436130,ASTRUT3S,43241,ASTRUC,3,MOSSON,0,21:19:19,0,702,43255
268436188,ASTRUT3S,43241,ASTRUC,3,MOSSON,0,21:48:05,0,2428,43255
268436188,BOIRAT3E,43209,BOIRARGUES,3,MOSSON,0,21:24:00,0,983,43255
268436130,CELLET3S,43253,CELLENEUVE,3,MOSSON,0,21:29:34,0,1317,43255
268436188,COUGOT3E,43261,COUGOURLUDE,3,MOSSON,0,21:19:00,0,683,43255
268436245,COUGOT3E,43261,COUGOURLUDE,3,MOSSON,0,21:49:00,0,2483,43255
268436130,GARETW3A,43127,GARE ST-ROCH T3,3,MOSSON,0,21:11:14,0,217,43255
268436188,GARETW3A,43127,GARE ST-ROCH T3,3,MOSSON,0,21:40:00,0,1943,43255
268436130,HDEPTT3S,43249,HOT. DEPARTEMENT,3,MOSSON,0,21:26:26,0,1129,43255
268436188,HDEPTT3S,43249,HOT. DEPARTEMENT,3,MOSSON,0,21:54:59,0,2842,43255
268436188,HTLIRT3E,43263,HTS LA LIRONDE,3,MOSSON,0,21:21:00,0,803,43255
268436245,HTLIRT3E,43263,HTS LA LIRONDE,3,MOSSON,0,21:51:00,0,2603,43255
268436130,GUESDT3S,43243,JULES GUESDE,3,MOSSON,0,21:21:15,0,818,43255
268436188,GUESDT3S,43243,JULES GUESDE,3,MOSSON,0,21:49:59,0,2542,43255
268436188,LATTEST3,43259,LATTES CENTRE,3,MOSSON,0,21:17:00,0,563,43255
268436245,LATTEST3,43259,LATTES CENTRE,3,MOSSON,0,21:47:00,0,2363,43255
268436130,ARCEAT3S,43239,LES ARCEAUX,3,MOSSON,0,21:17:34,0,597,43255
268436188,ARCEAT3S,43239,LES ARCEAUX,3,MOSSON,0,21:46:33,0,2336,43255
268436188,MOULARTW,41209,MOULARES,3,MOSSON,0,21:31:44,0,1447,43255
268436130,OBSERT3S,43233,OBSERVATOIRE,3,MOSSON,0,21:12:14,0,277,43255
268436188,OBSERT3S,43233,OBSERVATOIRE,3,MOSSON,0,21:41:00,0,2003,43255
268436188,PICASSOE,43213,PABLO PICASSO,3,MOSSON,0,21:27:00,0,1163,43255
268436130,PERGOT3S,43247,PERGOLA,3,MOSSON,0,21:24:44,0,1027,43255
268436188,PERGOT3S,43247,PERGOLA,3,MOSSON,0,21:53:23,0,2746,43255
268436130,PILORT3S,43251,PILORY,3,MOSSON,0,21:27:17,0,1180,43255
268436130,CARNOTWE,42241,PLACE CARNOT,3,MOSSON,0,21:08:14,0,37,43255
268436188,CARNOTWE,42241,PLACE CARNOT,3,MOSSON,0,21:37:00,0,1763,43255
268436130,PCABT3S,43237,PLAN CABANES,3,MOSSON,0,21:16:14,0,517,43255
268436188,PCABT3S,43237,PLAN CABANES,3,MOSSON,0,21:45:00,0,2243,43255
268436188,PMARIRTW,41207,PORT MARIANNE,3,MOSSON,0,21:30:00,0,1343,43255
268436188,RLEZ2E,42237,RIVES DU LEZ T3,3,MOSSON,0,21:34:00,0,1583,43255
268436130,STDENT3S,43235,SAINT-DENIS T3,3,MOSSON,0,21:15:14,0,457,43255
268436188,STDENT3S,43235,SAINT-DENIS T3,3,MOSSON,0,21:44:00,0,2183,43255
268436130,TONNET3S,43245,TONNELLES,3,MOSSON,0,21:22:41,0,904,43255
268436188,TONNET3S,43245,TONNELLES,3,MOSSON,0,21:51:40,0,2643,43255
268436188,VOLTAIRE,42239,VOLTAIRE,3,MOSSON,0,21:35:28,0,1671,43255
268436264,ASTRUT3E,43117,ASTRUC,3,PEROLS ETANG,1,21:19:30,0,713,43201
268436151,ASTRUT3E,43117,ASTRUC,3,PEROLS ETANG,1,22:20:55,0,4398,43201
268436207,BOIRAT3S,43149,BOIRARGUES,3,PEROLS ETANG,1,21:08:27,0,50,43201
268436264,BOIRAT3S,43149,BOIRARGUES,3,PEROLS ETANG,1,21:43:17,0,2140,43201
268436264,CELLRT3E,43105,CELLENEUVE,3,PEROLS ETANG,1,21:09:18,0,101,43201
268436151,CELLRT3E,43105,CELLENEUVE,3,PEROLS ETANG,1,22:10:47,0,3790,43201
268436207,ECOPOLES,43151,ECOPOLE,3,PEROLS ETANG,1,21:11:27,0,230,43201
268436264,ECOPOLES,43151,ECOPOLE,3,PEROLS ETANG,1,21:46:17,0,2320,43201
268436151,ECOPOLES,43151,ECOPOLE,3,PEROLS ETANG,1,22:47:00,1,5963,43201
268436264,GARETW3R,43231,GARE ST-ROCH T3,3,PEROLS ETANG,1,21:29:17,0,1300,43201
268436264,HDEPTT3E,43109,HOT. DEPARTEMENT,3,PEROLS ETANG,1,21:13:18,0,341,43201
268436151,HDEPTT3E,43109,HOT. DEPARTEMENT,3,PEROLS ETANG,1,22:14:00,0,3983,43201
268436264,GUESDT3E,43115,JULES GUESDE,3,PEROLS ETANG,1,21:18:18,0,641,43201
268436151,GUESDT3E,43115,JULES GUESDE,3,PEROLS ETANG,1,22:19:00,0,4283,43201
268436151,JUVIGNAC,43101,JUVIGNAC,3,PEROLS ETANG,1,22:04:00,0,3383,43201
268436264,ARCEAT3E,43119,LES ARCEAUX,3,PEROLS ETANG,1,21:21:23,0,826,43201
268436151,ARCEAT3E,43119,LES ARCEAUX,3,PEROLS ETANG,1,22:22:38,0,4501,43201
268436264,MOSSOT3E,43103,MOSSON T3,3,PEROLS ETANG,1,21:08:18,0,41,43201
268436151,MOSSOT3E,43103,MOSSON T3,3,PEROLS ETANG,1,22:09:00,0,3683,43201
268436264,MOULAATW,41147,MOULARES,3,PEROLS ETANG,1,21:36:21,0,1724,43201
268436264,OBSERT3E,43125,OBSERVATOIRE,3,PEROLS ETANG,1,21:27:17,0,1180,43201
268436264,PICASSOS,43145,PABLO PICASSO,3,PEROLS ETANG,1,21:40:17,0,1960,43201
268436207,PEXPOT3S,43153,PARC EXPO,3,PEROLS ETANG,1,21:13:27,0,350,43201
268436264,PEXPOT3S,43153,PARC EXPO,3,PEROLS ETANG,1,21:48:17,0,2440,43201
268436151,PEXPOT3S,43153,PARC EXPO,3,PEROLS ETANG,1,22:49:00,1,6083,43201
268436264,PERGOT3E,43111,PERGOLA,3,PEROLS ETANG,1,21:14:22,0,405,43201
268436151,PERGOT3E,43111,PERGOLA,3,PEROLS ETANG,1,22:15:51,0,4094,43201
268436207,PEROLT3S,43155,PEROLS CENTRE,3,PEROLS ETANG,1,21:15:27,0,470,43201
268436264,PEROLT3S,43155,PEROLS CENTRE,3,PEROLS ETANG,1,21:50:17,0,2560,43201
268436151,PEROLT3S,43155,PEROLS CENTRE,3,PEROLS ETANG,1,22:51:00,1,6203,43201
268436264,PILORT3E,43107,PILORY,3,PEROLS ETANG,1,21:11:31,0,234,43201
268436151,PILORT3E,43107,PILORY,3,PEROLS ETANG,1,22:12:56,0,3919,43201
268436264,CARNOTWS,42129,PLACE CARNOT,3,PEROLS ETANG,1,21:32:17,0,1480,43201
268436264,PCABT3E,43121,PLAN CABANES,3,PEROLS ETANG,1,21:23:17,0,940,43201
268436151,PCABT3E,43121,PLAN CABANES,3,PEROLS ETANG,1,22:23:59,0,4582,43201
268436264,PMARIATW,41149,PORT MARIANNE,3,PEROLS ETANG,1,21:38:17,0,1840,43201
268436264,RLEZ2S,42133,RIVES DU LEZ T3,3,PEROLS ETANG,1,21:35:17,0,1660,43201
268436264,STDENT3E,43123,SAINT-DENIS,3,PEROLS ETANG,1,21:25:17,0,1060,43201
268436151,STDENT3E,43123,SAINT-DENIS,3,PEROLS ETANG,1,22:25:59,0,4702,43201
268436264,TONNET3E,43113,TONNELLES,3,PEROLS ETANG,1,21:16:04,0,507,43201
268436151,TONNET3E,43113,TONNELLES,3,PEROLS ETANG,1,22:17:19,0,4182,43201
268436264,VOLTAIRS,42131,VOLTAIRE,3,PEROLS ETANG,1,21:33:16,0,1539,43201
268436417,ALBERT4A,44102,ALBERT 1er,4,GARCIA LORCA,0,21:08:33,0,56,44106
268436452,ALBERT4R,44202,ALBERT 1er,4,GARCIA LORCA,1,21:12:07,0,270,44205
268436348,ALBERT4A,44102,ALBERT 1er,4,GARCIA LORCA,0,21:26:00,0,1103,44106
268436384,ALBERT4R,44202,ALBERT 1er,4,GARCIA LORCA,1,21:33:00,0,1523,44205
268436418,ALBERT4A,44102,ALBERT 1er,4,GARCIA LORCA,0,21:46:00,0,2303,44106
268436453,ALBERT4R,44202,ALBERT 1er,4,GARCIA LORCA,1,21:53:00,0,2723,44205
268436452,CORUMRTW,41225,CORUM T1,4,GARCIA LORCA,1,21:09:07,0,90,44205
268436417,CORUMATW,41131,CORUM T1,4,GARCIA LORCA,0,21:11:33,0,236,44106
268436348,CORUMATW,41131,CORUM T1,4,GARCIA LORCA,0,21:29:00,0,1283,44106
268436384,CORUMRTW,41225,CORUM T1,4,GARCIA LORCA,1,21:30:00,0,1343,44205
268436418,CORUMATW,41131,CORUM T1,4,GARCIA LORCA,0,21:49:00,0,2483,44106
268436453,CORUMRTW,41225,CORUM T1,4,GARCIA LORCA,1,21:50:00,0,2543,44205
268436348,LORCAT4A,44105,GARCIA LORCA,4,GARCIA LORCA,0,21:10:00,0,143,44106
268436384,LORCA4R,44201,GARCIA LORCA,4,GARCIA LORCA,1,21:16:00,0,503,44205
268436418,LORCAT4A,44105,GARCIA LORCA,4,GARCIA LORCA,0,21:30:00,0,1343,44106
268436453,LORCA4R,44201,GARCIA LORCA,4,GARCIA LORCA,1,21:36:00,0,1703,44205
268436349,LORCAT4A,44105,GARCIA LORCA,4,GARCIA LORCA,0,21:50:00,0,2543,44106
268436385,LORCA4R,44201,GARCIA LORCA,4,GARCIA LORCA,1,21:56:00,0,2903,44205
268436452,GARETW3R,43231,GARE ST-ROCH T3,4,GARCIA LORCA,1,21:19:07,0,690,44205
268436348,GARETW3A,43127,GARE ST-ROCH T3,4,GARCIA LORCA,0,21:20:00,0,743,44106
268436418,GARETW3A,43127,GARE ST-ROCH T3,4,GARCIA LORCA,0,21:40:00,0,1943,44106
268436384,GARETW3R,43231,GARE ST-ROCH T3,4,GARCIA LORCA,1,21:40:00,0,1943,44205
268436349,GARETW3A,43127,GARE ST-ROCH T3,4,GARCIA LORCA,0,22:00:00,0,3143,44106
268436453,GARETW3R,43231,GARE ST-ROCH T3,4,GARCIA LORCA,1,22:00:00,0,3143,44205
268436384,HVILLE4R,43141,HOTEL DE VILLE,4,GARCIA LORCA,1,21:20:00,0,743,44205
268436417,HVILLE4A,43217,HOTEL DE VILLE,4,GARCIA LORCA,0,21:21:33,0,836,44106
268436348,HVILLE4A,43217,HOTEL DE VILLE,4,GARCIA LORCA,0,21:39:00,0,1883,44106
268436453,HVILLE4R,43141,HOTEL DE VILLE,4,GARCIA LORCA,1,21:40:00,0,1943,44205
268436418,HVILLE4A,43217,HOTEL DE VILLE,4,GARCIA LORCA,0,21:59:00,0,3083,44106
268436385,HVILLE4R,43141,HOTEL DE VILLE,4,GARCIA LORCA,1,22:00:00,0,3143,44205
268436384,RAUZE4R,43139,LA RAUZE,4,GARCIA LORCA,1,21:18:00,0,623,44205
268436417,RAUZE4A,43219,LA RAUZE,4,GARCIA LORCA,0,21:23:33,0,956,44106
268436453,RAUZE4R,43139,LA RAUZE,4,GARCIA LORCA,1,21:38:00,0,1823,44205
268436348,RAUZE4A,43219,LA RAUZE,4,GARCIA LORCA,0,21:41:00,0,2003,44106
268436385,RAUZE4R,43139,LA RAUZE,4,GARCIA LORCA,1,21:58:00,0,3023,44205
268436418,RAUZE4A,43219,LA RAUZE,4,GARCIA LORCA,0,22:01:00,0,3203,44106
268436417,AUBESTWE,42231,LES AUBES,4,GARCIA LORCA,0,21:13:33,0,356,44106
268436384,AUBESTWS,42139,LES AUBES,4,GARCIA LORCA,1,21:28:00,0,1223,44205
268436348,AUBESTWE,42231,LES AUBES,4,GARCIA LORCA,0,21:31:00,0,1403,44106
268436453,AUBESTWS,42139,LES AUBES,4,GARCIA LORCA,1,21:48:00,0,2423,44205
268436418,AUBESTWE,42231,LES AUBES,4,GARCIA LORCA,0,21:51:00,0,2603,44106
268436385,AUBESTWS,42139,LES AUBES,4,GARCIA LORCA,1,22:08:00,0,3623,44205
268436417,BLANCATW,41129,LOUIS BLANC,4,GARCIA LORCA,0,21:10:25,0,168,44106
268436452,BLANCRTW,41227,LOUIS BLANC,4,GARCIA LORCA,1,21:10:29,0,172,44205
268436348,BLANCATW,41129,LOUIS BLANC,4,GARCIA LORCA,0,21:27:39,0,1202,44106
268436384,BLANCRTW,41227,LOUIS BLANC,4,GARCIA LORCA,1,21:31:15,0,1418,44205
268436418,BLANCATW,41129,LOUIS BLANC,4,GARCIA LORCA,0,21:47:39,0,2402,44106
268436453,BLANCRTW,41227,LOUIS BLANC,4,GARCIA LORCA,1,21:51:15,0,2618,44205
268436348,NVSTROCE,42123,NOUVEAU ST-ROCH,4,GARCIA LORCA,0,21:16:00,0,503,44106
268436452,NVSTROCS,42247,NOUVEAU ST-ROCH,4,GARCIA LORCA,1,21:23:07,0,930,44205
268436418,NVSTROCE,42123,NOUVEAU ST-ROCH,4,GARCIA LORCA,0,21:36:00,0,1703,44106
268436384,NVSTROCS,42247,NOUVEAU ST-ROCH,4,GARCIA LORCA,1,21:44:00,0,2183,44205
268436349,NVSTROCE,42123,NOUVEAU ST-ROCH,4,GARCIA LORCA,0,21:56:00,0,2903,44106
268436453,NVSTROCS,42247,NOUVEAU ST-ROCH,4,GARCIA LORCA,1,22:04:00,0,3383,44205
268436452,OBSERT3E,43125,OBSERVATOIRE,4,GARCIA LORCA,1,21:17:07,0,570,44205
268436348,OBSERT3S,43233,OBSERVATOIRE,4,GARCIA LORCA,0,21:21:00,0,803,44106
268436384,OBSERT3E,43125,OBSERVATOIRE,4,GARCIA LORCA,1,21:38:00,0,1823,44205
268436418,OBSERT3S,43233,OBSERVATOIRE,4,GARCIA LORCA,0,21:41:00,0,2003,44106
268436453,OBSERT3E,43125,OBSERVATOIRE,4,GARCIA LORCA,1,21:58:00,0,3023,44205
268436349,OBSERT3S,43233,OBSERVATOIRE,4,GARCIA LORCA,0,22:01:00,0,3203,44106
268436452,PEYROT4R,44203,PEYROU,4,GARCIA LORCA,1,21:14:07,0,390,44205
268436348,PEYROT4A,44103,PEYROU,4,GARCIA LORCA,0,21:24:00,0,983,44106
268436384,PEYROT4R,44203,PEYROU,4,GARCIA LORCA,1,21:35:00,0,1643,44205
268436418,PEYROT4A,44103,PEYROU,4,GARCIA LORCA,0,21:44:00,0,2183,44106
268436453,PEYROT4R,44203,PEYROU,4,GARCIA LORCA,1,21:55:00,0,2843,44205
268436349,PEYROT4A,44103,PEYROU,4,GARCIA LORCA,0,22:04:00,0,3383,44106
268436417,EUROPATW,41143,PL. DE L'EUROPE,4,GARCIA LORCA,0,21:17:33,0,596,44106
268436384,EUROPRTW,41213,PL. DE L'EUROPE,4,GARCIA LORCA,1,21:24:00,0,983,44205
268436348,EUROPATW,41143,PL. DE L'EUROPE,4,GARCIA LORCA,0,21:35:00,0,1643,44106
268436453,EUROPRTW,41213,PL. DE L'EUROPE,4,GARCIA LORCA,1,21:44:00,0,2183,44205
268436418,EUROPATW,41143,PL. DE L'EUROPE,4,GARCIA LORCA,0,21:55:00,0,2843,44106
268436385,EUROPRTW,41213,PL. DE L'EUROPE,4,GARCIA LORCA,1,22:04:00,0,3383,44205
268436417,POMPITWE,42233,POMPIGNANE,4,GARCIA LORCA,0,21:15:33,0,476,44106
268436384,POMPITWS,42137,POMPIGNANE,4,GARCIA LORCA,1,21:26:00,0,1103,44205
268436348,POMPITWE,42233,POMPIGNANE,4,GARCIA LORCA,0,21:33:00,0,1523,44106
268436453,POMPITWS,42137,POMPIGNANE,4,GARCIA LORCA,1,21:46:00,0,2303,44205
268436418,POMPITWE,42233,POMPIGNANE,4,GARCIA LORCA,0,21:53:00,0,2723,44106
268436385,POMPITWS,42137,POMPIGNANE,4,GARCIA LORCA,1,22:06:00,0,3503,44205
268436348,RESTAN4A,43223,RESTANQUE,4,GARCIA LORCA,0,21:11:44,0,247,44106
268436452,RESTAN4R,43135,RESTANQUE,4,GARCIA LORCA,1,21:26:20,0,1123,44205
268436418,RESTAN4A,43223,RESTANQUE,4,GARCIA LORCA,0,21:31:44,0,1447,44106
268436384,RESTAN4R,43135,RESTANQUE,4,GARCIA LORCA,1,21:47:17,0,2380,44205
268436349,RESTAN4A,43223,RESTANQUE,4,GARCIA LORCA,0,21:51:44,0,2647,44106
268436453,RESTAN4R,43135,RESTANQUE,4,GARCIA LORCA,1,22:07:17,0,3580,44205
268436417,RILEZATW,41145,RIVES DU LEZ T1,4,GARCIA LORCA,0,21:19:33,0,716,44106
268436384,RILEZRTW,41211,RIVES DU LEZ T1,4,GARCIA LORCA,1,21:23:00,0,923,44205
268436348,RILEZATW,41145,RIVES DU LEZ T1,4,GARCIA LORCA,0,21:37:00,0,1763,44106
268436453,RILEZRTW,41211,RIVES DU LEZ T1,4,GARCIA LORCA,1,21:43:00,0,2123,44205
268436418,RILEZATW,41145,RIVES DU LEZ T1,4,GARCIA LORCA,0,21:57:00,0,2963,44106
268436385,RILEZRTW,41211,RIVES DU LEZ T1,4,GARCIA LORCA,1,22:03:00,0,3323,44205
268436348,RONDETWE,42125,RONDELET,4,GARCIA LORCA,0,21:17:58,0,621,44106
268436452,RONDETWS,42245,RONDELET,4,GARCIA LORCA,1,21:21:03,0,806,44205
268436418,RONDETWE,42125,RONDELET,4,GARCIA LORCA,0,21:37:58,0,1821,44106
268436384,RONDETWS,42245,RONDELET,4,GARCIA LORCA,1,21:41:56,0,2059,44205
268436349,RONDETWE,42125,RONDELET,4,GARCIA LORCA,0,21:57:58,0,3021,44106
268436453,RONDETWS,42245,RONDELET,4,GARCIA LORCA,1,22:01:56,0,3259,44205
268436452,STGUIT4R,44204,SAINT-GUILHEM,4,GARCIA LORCA,1,21:16:27,0,530,44205
268436348,STGUIT4A,44104,SAINT-GUILHEM,4,GARCIA LORCA,0,21:22:14,0,877,44106
268436384,STGUIT4R,44204,SAINT-GUILHEM,4,GARCIA LORCA,1,21:36:47,0,1750,44205
268436418,STGUIT4A,44104,SAINT-GUILHEM,4,GARCIA LORCA,0,21:42:14,0,2077,44106
268436453,STGUIT4R,44204,SAINT-GUILHEM,4,GARCIA LORCA,1,21:56:47,0,2950,44205
268436349,STGUIT4A,44104,SAINT-GUILHEM,4,GARCIA LORCA,0,22:02:14,0,3277,44106
268436348,SMART4A,43225,SAINT-MARTIN,4,GARCIA LORCA,0,21:13:00,0,323,44106
268436452,SMART4R,43133,SAINT-MARTIN,4,GARCIA LORCA,1,21:25:23,0,1066,44205
268436418,SMART4A,43225,SAINT-MARTIN,4,GARCIA LORCA,0,21:33:00,0,1523,44106
268436384,SMART4R,43133,SAINT-MARTIN,4,GARCIA LORCA,1,21:46:00,0,2303,44205
268436349,SMART4A,43225,SAINT-MARTIN,4,GARCIA LORCA,0,21:53:00,0,2723,44106
268436453,SMART4R,43133,SAINT-MARTIN,4,GARCIA LORCA,1,22:06:00,0,3503,44205
268437378,PL_FR50,50106,PLACE DE FRANCE,50,GARE SUD DE FRANCE,0,21:15:00,0,443,50004
268437389,PL_FR50,50106,PLACE DE FRANCE,50,GARE SUD DE FRANCE,0,21:32:00,0,1463,50004
268437391,PL_FR50,50106,PLACE DE FRANCE,50,GARE SUD DE FRANCE,0,22:02:00,0,3263,50004
268437388,GARESDFS,50004,GARE SUD FRANCE,50,PLACE DE FRANCE,1,21:12:00,0,263,50106
268437390,GARESDFS,50004,GARE SUD FRANCE,50,PLACE DE FRANCE,1,21:42:00,0,2063,50106
268437392,GARESDFS,50004,GARE SUD FRANCE,50,PLACE DE FRANCE,1,22:15:00,0,4043,50106
268436528,ALCOS,3135,ALCO,6,EUROMEDECINE,0,21:20:57,0,800,2202
268436533,ALCOS,3135,ALCO,6,EUROMEDECINE,0,22:12:01,0,3864,2202
268436528,AMBPARES,2125,AMBROISE PARE,6,EUROMEDECINE,0,21:27:00,0,1163,2202
268436533,AMBPARES,2125,AMBROISE PARE,6,EUROMEDECINE,0,22:18:04,0,4227,2202
268436528,ANATOLEE,1236,ANATOLE FRANCE,6,EUROMEDECINE,0,21:07:43,0,6,2202
268436533,ANATOLEE,1236,ANATOLE FRANCE,6,EUROMEDECINE,0,21:59:10,0,3093,2202
268436528,ANTENNES,2127,ANTENNES,6,EUROMEDECINE,0,21:29:40,0,1323,2202
268436533,ANTENNES,2127,ANTENNES,6,EUROMEDECINE,0,22:20:44,0,4387,2202
268436528,APOTHICS,3139,APOTHICAIRES,6,EUROMEDECINE,0,21:30:47,0,1390,2202
268436533,APOTHICS,3139,APOTHICAIRES,6,EUROMEDECINE,0,22:22:14,0,4477,2202
268436533,AVTOULOE,6106,AV. DE TOULOUSE,6,EUROMEDECINE,0,21:50:18,0,2561,2202
268436533,BERTHELE,5118,BERTHELOT,6,EUROMEDECINE,0,21:55:00,0,2843,2202
268436528,CEVENNEA,3130,CEVENNES,6,EUROMEDECINE,0,21:18:56,0,679,2202
268436533,CEVENNEA,3130,CEVENNES,6,EUROMEDECINE,0,22:10:00,0,3743,2202
268436528,CHATEAUO,3141,CHATEAU D'O,6,EUROMEDECINE,0,21:22:42,0,905,2202
268436533,CHATEAUO,3141,CHATEAU D'O,6,EUROMEDECINE,0,22:14:09,0,3992,2202
268436528,CLAUDELS,7218,COLLEGE CLAUDEL,6,EUROMEDECINE,0,21:13:56,0,379,2202
268436533,CLAUDELS,7218,COLLEGE CLAUDEL,6,EUROMEDECINE,0,22:05:00,0,3443,2202
268436528,DORIAS,7216,DORIA,6,EUROMEDECINE,0,21:11:50,0,253,2202
268436533,DORIAS,7216,DORIA,6,EUROMEDECINE,0,22:03:17,0,3340,2202
268436533,ESTANOVE,6102,ESTANOVE,6,EUROMEDECINE,0,21:46:33,0,2336,2202
268436533,FONTCOUE,6104,FONT COUVERTE,6,EUROMEDECINE,0,21:47:57,0,2420,2202
268436533,GUILLAUA,6109,G. JANVIER,6,EUROMEDECINE,0,21:52:56,0,2719,2202
268436533,BRASSENE,6126,GEORGES BRASSENS,6,EUROMEDECINE,0,21:52:00,0,2663,2202
268436528,GAILLARS,3140,LA GAILLARDE,6,EUROMEDECINE,0,21:14:50,0,433,2202
268436533,GAILLARS,3140,LA GAILLARDE,6,EUROMEDECINE,0,22:06:17,0,3520,2202
268436528,LASREBEA,3129,LAS REBES,6,EUROMEDECINE,0,21:17:40,0,603,2202
268436533,LASREBEA,3129,LAS REBES,6,EUROMEDECINE,0,22:09:07,0,3690,2202
268436533,GRANDME,6105,LE GRAND M,6,EUROMEDECINE,0,21:49:00,0,2483,2202
268436528,RAVASS,3137,LOUIS RAVAZ,6,EUROMEDECINE,0,21:17:03,0,566,2202
268436533,RAVASS,3137,LOUIS RAVAZ,6,EUROMEDECINE,0,22:08:24,0,3647,2202
268436533,CLEMENCE,5119,LYCEE CLEMENCEAU,6,EUROMEDECINE,0,21:56:17,0,2920,2202
268436528,OBSERVSN,2133,OBSERVATOIRE,6,EUROMEDECINE,0,21:08:56,0,79,2202
268436533,OBSERVSN,2133,OBSERVATOIRE,6,EUROMEDECINE,0,22:00:00,0,3143,2202
268436528,OCCITANS,3138,OCCITANIE,6,EUROMEDECINE,0,21:25:56,0,1099,2202
268436533,OCCITANS,3138,OCCITANIE,6,EUROMEDECINE,0,22:17:00,0,4163,2202
268436533,PASLOU6A,6101,PAS DU LOUP,6,EUROMEDECINE,0,21:46:00,0,2303,2202
268436528,PEYROU6S,2220,PEYROU,6,EUROMEDECINE,0,21:10:56,0,199,2202
268436533,PEYROU6S,2220,PEYROU,6,EUROMEDECINE,0,22:02:00,0,3263,2202
268436528,VIALAS,3136,PIERRE VIALA,6,EUROMEDECINE,0,21:15:52,0,495,2202
268436533,VIALAS,3136,PIERRE VIALA,6,EUROMEDECINE,0,22:07:19,0,3582,2202
268436533,PL8MAIE,6127,PLACE DU 8 MAI,6,EUROMEDECINE,0,21:54:02,0,2785,2202
268436528,PUECHVIS,2129,PUECH VILLA,6,EUROMEDECINE,0,21:32:01,0,1464,2202
268436533,PUECHVIS,2129,PUECH VILLA,6,EUROMEDECINE,0,22:23:22,0,4545,2202
268436533,RONCERAE,6107,RONCERAY,6,EUROMEDECINE,0,21:51:15,0,2618,2202
268436528,GANGESS,2126,ROUTE DE GANGES,6,EUROMEDECINE,0,21:28:06,0,1229,2202
268436533,GANGESS,2126,ROUTE DE GANGES,6,EUROMEDECINE,0,22:19:27,0,4310,2202
268436533,STDENIE5,107,SAINT-DENIS,6,EUROMEDECINE,0,21:58:10,0,3033,2202
268436528,STGUILHS,2140,SAINT-GUILHEM,6,EUROMEDECINE,0,21:09:58,0,141,2202
268436533,STGUILHS,2140,SAINT-GUILHEM,6,EUROMEDECINE,0,22:01:02,0,3205,2202
268436528,STPRIESS,7228,SAINT-PRIEST,6,EUROMEDECINE,0,21:23:39,0,962,2202
268436533,STPRIESS,7228,SAINT-PRIEST,6,EUROMEDECINE,0,22:15:06,0,4049,2202
268436528,STEGENEA,3131,SAINTE-GENEVIEVE,6,EUROMEDECINE,0,21:19:37,0,720,2202
268436533,STEGENEA,3131,SAINTE-GENEVIEVE,6,EUROMEDECINE,0,22:10:41,0,3784,2202
268436528,STETHERR,7217,SAINTE-THERESE,6,EUROMEDECINE,0,21:12:55,0,318,2202
268436533,STETHERR,7217,SAINTE-THERESE,6,EUROMEDECINE,0,22:03:59,0,3382,2202
268436528,VALDAURS,2128,VAL D'AURELLE,6,EUROMEDECINE,0,21:30:51,0,1394,2202
268436533,VALDAURS,2128,VAL D'AURELLE,6,EUROMEDECINE,0,22:21:55,0,4458,2202
268436533,VEGAE,6103,VEGA,6,EUROMEDECINE,0,21:47:00,0,2363,2202
268436515,BROUSSOE,6235,A. BROUSSONET,6,PAS DU LOUP,1,21:22:27,0,890,6221
268436529,BROUSSOE,6235,A. BROUSSONET,6,PAS DU LOUP,1,22:02:57,0,3320,6221
268436515,ALBCATBU,6237,ALBERT 1er,6,PAS DU LOUP,1,21:22:25,0,888,6221
268436529,ALBCATBU,6237,ALBERT 1er,6,PAS DU LOUP,1,22:03:46,0,3369,6221
268436515,ALCOE,3201,ALCO,6,PAS DU LOUP,1,21:13:09,0,332,6221
268436529,ALCOE,3201,ALCO,6,PAS DU LOUP,1,21:54:00,0,2783,6221
268436515,AFRANCEE,53201,ANATOLE FRANCE,6,PAS DU LOUP,1,21:27:20,0,1183,6221
268436529,AFRANCEE,53201,ANATOLE FRANCE,6,PAS DU LOUP,1,22:08:27,0,3650,6221
268436529,ANTENNEE,2205,ANTENNES,6,PAS DU LOUP,1,21:45:54,0,2297,6221
268436529,APOTHICE,3232,APOTHICAIRES,6,PAS DU LOUP,1,21:44:28,0,2211,6221
268436529,A18JUINE,16202,APPEL DU 18 JUIN,6,PAS DU LOUP,1,21:42:00,0,2063,6221
268436515,AVTOULOS,6215,AV. DE TOULOUSE,6,PAS DU LOUP,1,21:38:28,0,1851,6221
268436529,AVTOULOS,6215,AV. DE TOULOUSE,6,PAS DU LOUP,1,22:19:19,0,4302,6221
268436515,BERTHELS,5214,BERTHELOT,6,PAS DU LOUP,1,21:33:09,0,1532,6221
268436529,BERTHELS,5214,BERTHELOT,6,PAS DU LOUP,1,22:14:00,0,3983,6221
268436515,CEVENNER,3203,CEVENNES,6,PAS DU LOUP,1,21:15:17,0,460,6221
268436529,CEVENNER,3203,CEVENNES,6,PAS DU LOUP,1,21:56:08,0,2911,6221
268436515,CHATO3ER,7104,CHATEAU D'O,6,PAS DU LOUP,1,21:10:29,0,172,6221
268436529,CHATO3ER,7104,CHATEAU D'O,6,PAS DU LOUP,1,21:50:59,0,2602,6221
268436515,COLCLAUE,6233,COLLEGE CLAUDEL,6,PAS DU LOUP,1,21:20:09,0,752,6221
268436529,COLCLAUE,6233,COLLEGE CLAUDEL,6,PAS DU LOUP,1,22:01:00,0,3203,6221
268436532,ESTANOVS,6220,ESTANOVE,6,PAS DU LOUP,1,21:10:28,0,171,6221
268436515,ESTANOVS,6220,ESTANOVE,6,PAS DU LOUP,1,21:41:19,0,2022,6221
268436529,ESTANOVS,6220,ESTANOVE,6,PAS DU LOUP,1,22:22:26,0,4489,6221
268436529,EUROMEDE,2202,EUROMEDECINE,6,PAS DU LOUP,1,21:41:00,0,2003,6221
268436532,FONTCOUS,6218,FONT COUVERTE,6,PAS DU LOUP,1,21:09:18,0,101,6221
268436515,FONTCOUS,6218,FONT COUVERTE,6,PAS DU LOUP,1,21:40:21,0,1964,6221
268436529,FONTCOUS,6218,FONT COUVERTE,6,PAS DU LOUP,1,22:21:12,0,4415,6221
268436515,GUILLAUR,6212,G. JANVIER,6,PAS DU LOUP,1,21:36:16,0,1719,6221
268436529,GUILLAUR,6212,G. JANVIER,6,PAS DU LOUP,1,22:17:16,0,4179,6221
268436515,GARE17,17,GARE SAINT-ROCH,6,PAS DU LOUP,1,21:29:09,0,1292,6221
268436529,GARE17,17,GARE SAINT-ROCH,6,PAS DU LOUP,1,22:10:00,0,3743,6221
268436515,BRASSENS,6226,GEORGES BRASSENS,6,PAS DU LOUP,1,21:37:09,0,1772,6221
268436529,BRASSENS,6226,GEORGES BRASSENS,6,PAS DU LOUP,1,22:18:00,0,4223,6221
268436515,JBART7E,7137,JEAN BART,6,PAS DU LOUP,1,21:12:16,0,279,6221
268436529,JBART7E,7137,JEAN BART,6,PAS DU LOUP,1,21:53:37,0,2760,6221
268436515,GAILLARE,3231,LA GAILLARDE,6,PAS DU LOUP,1,21:19:18,0,701,6221
268436529,GAILLARE,3231,LA GAILLARDE,6,PAS DU LOUP,1,22:00:09,0,3152,6221
268436515,LASREBER,3204,LAS REBES,6,PAS DU LOUP,1,21:16:09,0,512,6221
268436529,LASREBER,3204,LAS REBES,6,PAS DU LOUP,1,21:57:00,0,2963,6221
268436532,GRANDMS,6216,LE GRAND M,6,PAS DU LOUP,1,21:08:05,0,28,6221
268436515,GRANDMS,6216,LE GRAND M,6,PAS DU LOUP,1,21:39:29,0,1912,6221
268436529,GRANDMS,6216,LE GRAND M,6,PAS DU LOUP,1,22:19:59,0,4342,6221
268436515,RAVASE,3229,LOUIS RAVAZ,6,PAS DU LOUP,1,21:16:20,0,523,6221
268436529,RAVASE,3229,LOUIS RAVAZ,6,PAS DU LOUP,1,21:57:41,0,3004,6221
268436515,CLEMENCS,5213,LYCEE CLEMENCEAU,6,PAS DU LOUP,1,21:32:28,0,1491,6221
268436529,CLEMENCS,5213,LYCEE CLEMENCEAU,6,PAS DU LOUP,1,22:13:19,0,3942,6221
268436515,MAISSPOE,3210,MAISON SPORTS,6,PAS DU LOUP,1,21:20:17,0,760,6221
268436529,MAISSPOE,3210,MAISON SPORTS,6,PAS DU LOUP,1,22:01:38,0,3241,6221
268436515,OCCITANE,3228,OCCITANIE,6,PAS DU LOUP,1,21:08:09,0,32,6221
268436529,OCCITANE,3228,OCCITANIE,6,PAS DU LOUP,1,21:49:00,0,2483,6221
268436515,PEYROU6E,6236,PEYROU,6,PAS DU LOUP,1,21:24:09,0,992,6221
268436529,PEYROU6E,6236,PEYROU,6,PAS DU LOUP,1,22:05:00,0,3443,6221
268436515,VIALAE,3230,PIERRE VIALA,6,PAS DU LOUP,1,21:18:13,0,636,6221
268436529,VIALAE,3230,PIERRE VIALA,6,PAS DU LOUP,1,21:59:04,0,3087,6221
268436515,PL8MAIS,6227,PLACE DU 8 MAI,6,PAS DU LOUP,1,21:34:26,0,1609,6221
268436529,PL8MAIS,6227,PLACE DU 8 MAI,6,PAS DU LOUP,1,22:15:47,0,4090,6221
268436529,PUECHVIE,2203,PUECH VILLA,6,PAS DU LOUP,1,21:43:15,0,2138,6221
268436515,RONCERAS,6214,RONCERAY,6,PAS DU LOUP,1,21:37:17,0,1780,6221
268436529,RONCERAS,6214,RONCERAY,6,PAS DU LOUP,1,22:18:38,0,4261,6221
268436515,RONDELES,5212,RONDELET,6,PAS DU LOUP,1,21:31:27,0,1430,6221
268436529,RONDELES,5212,RONDELET,6,PAS DU LOUP,1,22:11:52,0,3855,6221
268436529,GANGESE,2206,ROUTE DE GANGES,6,PAS DU LOUP,1,21:46:36,0,2339,6221
268436515,STDENIE1,1235,SAINT-DENIS,6,PAS DU LOUP,1,21:26:09,0,1112,6221
268436529,STDENIE1,1235,SAINT-DENIS,6,PAS DU LOUP,1,22:07:00,0,3563,6221
268436515,STGUILHE,2221,SAINT-GUILHEM,6,PAS DU LOUP,1,21:25:29,0,1072,6221
268436529,STGUILHE,2221,SAINT-GUILHEM,6,PAS DU LOUP,1,22:05:59,0,3502,6221
268436515,STPRIESE,7101,SAINT-PRIEST,6,PAS DU LOUP,1,21:09:20,0,103,6221
268436529,STPRIESE,7101,SAINT-PRIEST,6,PAS DU LOUP,1,21:50:11,0,2554,6221
268436515,STEGENER,3202,SAINTE-GENEVIEVE,6,PAS DU LOUP,1,21:14:28,0,411,6221
268436529,STEGENER,3202,SAINTE-GENEVIEVE,6,PAS DU LOUP,1,21:55:35,0,2878,6221
268436529,VALDAURE,2204,VAL D'AURELLE,6,PAS DU LOUP,1,21:44:49,0,2232,6221
268436532,VEGAS,6219,VEGA,6,PAS DU LOUP,1,21:10:05,0,148,6221
268436515,VEGAS,6219,VEGA,6,PAS DU LOUP,1,21:41:29,0,2032,6221
268436529,VEGAS,6219,VEGA,6,PAS DU LOUP,1,22:21:59,0,4462,6221
268436628,ANATOLEE,1236,ANATOLE FRANCE,7,H. DEPARTEMENT,1,21:34:10,0,1593,7143
268436648,ANATOLEE,1236,ANATOLE FRANCE,7,H. DEPARTEMENT,1,22:09:10,0,3693,7143
268436628,BERTHELE,5118,BERTHELOT,7,H. DEPARTEMENT,1,21:30:00,0,1343,7143
268436648,BERTHELE,5118,BERTHELOT,7,H. DEPARTEMENT,1,22:05:00,0,3443,7143
268436640,CERVANTR,7222,CERVANTES,7,H. DEPARTEMENT,1,21:13:33,0,356,7143
268436628,CERVANTR,7222,CERVANTES,7,H. DEPARTEMENT,1,21:45:13,0,2256,7143
268436648,CERVANTR,7222,CERVANTES,7,H. DEPARTEMENT,1,22:20:13,0,4356,7143
268436640,CHATDO7R,7231,CHATEAU D'O,7,H. DEPARTEMENT,1,21:17:20,0,583,7143
268436628,CHATDO7R,7231,CHATEAU D'O,7,H. DEPARTEMENT,1,21:49:00,0,2483,7143
268436648,CHATDO7R,7231,CHATEAU D'O,7,H. DEPARTEMENT,1,22:24:00,0,4583,7143
268436640,ROGERS,7219,CITE ROGER,7,H. DEPARTEMENT,1,21:12:20,0,283,7143
268436628,ROGERS,7219,CITE ROGER,7,H. DEPARTEMENT,1,21:44:00,0,2183,7143
268436648,ROGERS,7219,CITE ROGER,7,H. DEPARTEMENT,1,22:19:00,0,4283,7143
268436628,CRROSIER,7203,CRX DES ROSIERS,7,H. DEPARTEMENT,1,21:21:00,0,803,7143
268436628,CRXCAPIR,7214,CRX DU CAPITAINE,7,H. DEPARTEMENT,1,21:29:07,0,1290,7143
268436648,CRXCAPIR,7214,CRX DU CAPITAINE,7,H. DEPARTEMENT,1,22:04:07,0,3390,7143
268436628,DORIAS,7216,DORIA,7,H. DEPARTEMENT,1,21:38:40,0,1863,7143
268436648,DORIAS,7216,DORIA,7,H. DEPARTEMENT,1,22:13:40,0,3963,7143
268436628,ETOILER,7211,ETOILE,7,H. DEPARTEMENT,1,21:26:31,0,1134,7143
268436648,ETOILER,7211,ETOILE,7,H. DEPARTEMENT,1,22:01:31,0,3234,7143
268436628,FIGAIRAR,7210,FIGAIRASSE,7,H. DEPARTEMENT,1,21:25:41,0,1084,7143
268436648,FIGAIRAR,7210,FIGAIRASSE,7,H. DEPARTEMENT,1,22:00:41,0,3184,7143
268436640,FONTTROR,7225,FONT TROUVE,7,H. DEPARTEMENT,1,21:15:32,0,475,7143
268436628,FONTTROR,7225,FONT TROUVE,7,H. DEPARTEMENT,1,21:47:12,0,2375,7143
268436648,FONTTROR,7225,FONT TROUVE,7,H. DEPARTEMENT,1,22:22:12,0,4475,7143
268436628,FDEZEUER,7209,FRANCOIS DEZEUZE,7,H. DEPARTEMENT,1,21:24:55,0,1038,7143
268436648,FDEZEUER,7209,FRANCOIS DEZEUZE,7,H. DEPARTEMENT,1,21:59:55,0,3138,7143
268436640,GARDIOLR,7223,GARDIOLES,7,H. DEPARTEMENT,1,21:14:21,0,404,7143
268436628,GARDIOLR,7223,GARDIOLES,7,H. DEPARTEMENT,1,21:46:01,0,2304,7143
268436648,GARDIOLR,7223,GARDIOLES,7,H. DEPARTEMENT,1,22:21:01,0,4404,7143
268436628,GOUARAR,7213,GOUARA,7,H. DEPARTEMENT,1,21:28:12,0,1235,7143
268436648,GOUARAR,7213,GOUARA,7,H. DEPARTEMENT,1,22:03:12,0,3335,7143
268436628,GREZESR,7202,GREZES,7,H. DEPARTEMENT,1,21:19:55,0,738,7143
268436628,EIFFELR,7204,GUSTAVE EIFFEL,7,H. DEPARTEMENT,1,21:21:47,0,850,7143
268436628,MARTELR,7201,LA MARTELLE,7,H. DEPARTEMENT,1,21:19:00,0,683,7143
268436640,LAPILES,3119,LA PILE,7,H. DEPARTEMENT,1,21:09:23,0,106,7143
268436628,LAPILES,3119,LA PILE,7,H. DEPARTEMENT,1,21:41:03,0,2006,7143
268436648,LAPILES,3119,LA PILE,7,H. DEPARTEMENT,1,22:16:03,0,4106,7143
268436640,LASOURCR,7221,LA SOURCE,7,H. DEPARTEMENT,1,21:13:01,0,324,7143
268436628,LASOURCR,7221,LA SOURCE,7,H. DEPARTEMENT,1,21:44:41,0,2224,7143
268436648,LASOURCR,7221,LA SOURCE,7,H. DEPARTEMENT,1,22:19:41,0,4324,7143
268436648,BOUIS7D,7164,LES BOUISSES,7,H. DEPARTEMENT,1,21:56:00,0,2903,7143
268436628,CLEMENCE,5119,LYCEE CLEMENCEAU,7,H. DEPARTEMENT,1,21:31:17,0,1420,7143
268436648,CLEMENCE,5119,LYCEE CLEMENCEAU,7,H. DEPARTEMENT,1,22:06:17,0,3520,7143
268436628,COLLINER,7207,LYCEE J. FERRY,7,H. DEPARTEMENT,1,21:24:00,0,983,7143
268436648,COLLINER,7207,LYCEE J. FERRY,7,H. DEPARTEMENT,1,21:59:00,0,3083,7143
268436640,MONNETS,7237,LYCEE J. MONNET,7,H. DEPARTEMENT,1,21:19:46,0,729,7143
268436628,MONNETS,7237,LYCEE J. MONNET,7,H. DEPARTEMENT,1,21:51:26,0,2629,7143
268436648,MONNETS,7237,LYCEE J. MONNET,7,H. DEPARTEMENT,1,22:26:26,0,4729,7143
268436640,MAISSPOS,3120,MAISON SPORTS,7,H. DEPARTEMENT,1,21:10:27,0,170,7143
268436628,MAISSPOS,3120,MAISON SPORTS,7,H. DEPARTEMENT,1,21:42:07,0,2070,7143
268436648,MAISSPOS,3120,MAISON SPORTS,7,H. DEPARTEMENT,1,22:17:07,0,4170,7143
268436628,MARTELIR,7206,MARTELLIERE,7,H. DEPARTEMENT,1,21:23:00,0,923,7143
268436648,MARTELIR,7206,MARTELLIERE,7,H. DEPARTEMENT,1,21:58:23,0,3046,7143
268436628,MASMERLR,7212,MAS DE MERLE,7,H. DEPARTEMENT,1,21:27:00,0,1163,7143
268436648,MASMERLR,7212,MAS DE MERLE,7,H. DEPARTEMENT,1,22:02:00,0,3263,7143
268436628,MTESTER,7205,MONSIEUR TESTE,7,H. DEPARTEMENT,1,21:22:31,0,894,7143
268436640,MURIERS7,7224,MURIERS,7,H. DEPARTEMENT,1,21:15:08,0,451,7143
268436628,MURIERS7,7224,MURIERS,7,H. DEPARTEMENT,1,21:46:48,0,2351,7143
268436648,MURIERS7,7224,MURIERS,7,H. DEPARTEMENT,1,22:21:48,0,4451,7143
268436628,OBSERVSN,2133,OBSERVATOIRE,7,H. DEPARTEMENT,1,21:35:00,0,1643,7143
268436648,OBSERVSN,2133,OBSERVATOIRE,7,H. DEPARTEMENT,1,22:10:00,0,3743,7143
268436648,ORMEAUXR,7262,ORMEAUX,7,H. DEPARTEMENT,1,21:57:00,0,2963,7143
268436628,PEYROU6S,2220,PEYROU,7,H. DEPARTEMENT,1,21:37:00,0,1763,7143
268436648,PEYROU6S,2220,PEYROU,7,H. DEPARTEMENT,1,22:12:00,0,3863,7143
268436640,PLEIADER,7226,PLEIADE,7,H. DEPARTEMENT,1,21:16:10,0,513,7143
268436628,PLEIADER,7226,PLEIADE,7,H. DEPARTEMENT,1,21:47:50,0,2413,7143
268436648,PLEIADER,7226,PLEIADE,7,H. DEPARTEMENT,1,22:22:50,0,4513,7143
268436640,POUSERSS,3121,POUS DE LA SERS,7,H. DEPARTEMENT,1,21:11:18,0,221,7143
268436628,POUSERSS,3121,POUS DE LA SERS,7,H. DEPARTEMENT,1,21:42:58,0,2121,7143
268436648,POUSERSS,3121,POUS DE LA SERS,7,H. DEPARTEMENT,1,22:17:58,0,4221,7143
268436628,STDENIE5,107,SAINT-DENIS,7,H. DEPARTEMENT,1,21:33:10,0,1533,7143
268436648,STDENIE5,107,SAINT-DENIS,7,H. DEPARTEMENT,1,22:08:10,0,3633,7143
268436628,STGUILHS,2140,SAINT-GUILHEM,7,H. DEPARTEMENT,1,21:36:02,0,1705,7143
268436648,STGUILHS,2140,SAINT-GUILHEM,7,H. DEPARTEMENT,1,22:11:02,0,3805,7143
268436640,STROCHS,3118,SAINT-ROCH,7,H. DEPARTEMENT,1,21:08:20,0,43,7143
268436628,STROCHS,3118,SAINT-ROCH,7,H. DEPARTEMENT,1,21:40:00,0,1943,7143
268436648,STROCHS,3118,SAINT-ROCH,7,H. DEPARTEMENT,1,22:15:00,0,4043,7143
268436648,SGERMAIR,7263,SOPHIE GERMAIN,7,H. DEPARTEMENT,1,21:57:41,0,3004,7143
268436642,BROUSSOE,6235,A. BROUSSONET,7,LA MARTELLE,0,21:52:53,0,2716,7131
268436642,ALBCATBU,6237,ALBERT 1er,7,LA MARTELLE,0,21:53:44,0,2767,7131
268436642,AFRANCEE,53201,ANATOLE FRANCE,7,LA MARTELLE,0,21:58:27,0,3050,7131
268436642,BERTHELS,5214,BERTHELOT,7,LA MARTELLE,0,22:04:00,0,3383,7131
268436642,CERVANTA,7109,CERVANTES,7,LA MARTELLE,0,21:49:11,0,2494,7131
268436642,CHATEAUO,3141,CHATEAU D'O,7,LA MARTELLE,0,21:45:00,0,2243,7131
268436642,ROGERE,7111,CITE ROGER,7,LA MARTELLE,0,21:50:00,0,2543,7131
268436642,CRXROSIA,7128,CRX DES ROSIERS,7,LA MARTELLE,0,22:14:00,0,3983,7131
268436642,ETOILEA,7120,ETOILE,7,LA MARTELLE,0,22:08:27,0,3650,7131
268436642,FIGAIRAA,7121,FIGAIRASSE,7,LA MARTELLE,0,22:09:19,0,3702,7131
268436642,FONTTROA,7107,FONT TROUVE,7,LA MARTELLE,0,21:47:11,0,2374,7131
268436642,FDEZEUZA,7122,FRANCOIS DEZEUZE,7,LA MARTELLE,0,22:10:13,0,3756,7131
268436642,GARDIOLA,7108,GARDIOLES,7,LA MARTELLE,0,21:47:59,0,2422,7131
268436642,GARE17,17,GARE SAINT-ROCH,7,LA MARTELLE,0,22:00:00,0,3143,7131
268436642,GOUARAA,7118,GOUARA,7,LA MARTELLE,0,22:06:35,0,3538,7131
268436642,GREZESA,7129,GREZES,7,LA MARTELLE,0,22:15:11,0,4054,7131
268436642,EIFFELA,7127,GUSTAVE EIFFEL,7,LA MARTELLE,0,22:13:25,0,3948,7131
268436642,HDEPARTE,7132,HOT. DEPARTEMENT,7,LA MARTELLE,0,21:41:00,0,2003,7131
268436642,JBART7E,7137,JEAN BART,7,LA MARTELLE,0,21:42:50,0,2113,7131
268436642,LASOURCA,7110,LA SOURCE,7,LA MARTELLE,0,21:49:39,0,2522,7131
268436642,LEPIC,7117,LEPIC,7,LA MARTELLE,0,22:05:50,0,3493,7131
268436642,CLEMENCS,5213,LYCEE CLEMENCEAU,7,LA MARTELLE,0,22:03:19,0,3342,7131
268436642,COLLINEA,7124,LYCEE J. FERRY,7,LA MARTELLE,0,22:11:00,0,3803,7131
268436642,JMONNETS,9226,LYCEE J. MONNET,7,LA MARTELLE,0,21:42:01,0,2064,7131
268436642,MAISSPOE,3210,MAISON SPORTS,7,LA MARTELLE,0,21:51:32,0,2635,7131
268436642,MARTELIA,7125,MARTELLIERE,7,LA MARTELLE,0,22:12:00,0,3863,7131
268436642,MASMERLA,7119,MAS DE MERLE,7,LA MARTELLE,0,22:08:00,0,3623,7131
268436642,MTESTEA,7126,MONSIEUR TESTE,7,LA MARTELLE,0,22:12:29,0,3892,7131
268436642,MYRTHESA,7116,MYRTES,7,LA MARTELLE,0,22:05:04,0,3447,7131
268436642,PEYROU6E,6236,PEYROU,7,LA MARTELLE,0,21:55:00,0,2843,7131
268436642,PLEIADEA,7106,PLEIADE,7,LA MARTELLE,0,21:46:36,0,2339,7131
268436642,POUSERSE,3209,POUS DE LA SERS,7,LA MARTELLE,0,21:50:45,0,2588,7131
268436642,RONDELES,5212,RONDELET,7,LA MARTELLE,0,22:01:52,0,3255,7131
268436642,STDENIE1,1235,SAINT-DENIS,7,LA MARTELLE,0,21:57:00,0,2963,7131
268436642,STGUILHE,2221,SAINT-GUILHEM,7,LA MARTELLE,0,21:55:59,0,2902,7131
268436647,BROUSSOE,6235,A. BROUSSONET,7,LES BOUISSES,0,21:14:22,0,405,7164
268436647,ALBCATBU,6237,ALBERT 1er,7,LES BOUISSES,0,21:15:13,0,456,7164
268436647,AFRANCEE,53201,ANATOLE FRANCE,7,LES BOUISSES,0,21:20:26,0,769,7164
268436647,BERTHELS,5214,BERTHELOT,7,LES BOUISSES,0,21:25:30,0,1073,7164
268436647,CERVANTA,7109,CERVANTES,7,LES BOUISSES,0,21:10:31,0,174,7164
268436647,ROGERE,7111,CITE ROGER,7,LES BOUISSES,0,21:11:30,0,233,7164
268436647,ETOILEA,7120,ETOILE,7,LES BOUISSES,0,21:30:26,0,1369,7164
268436647,FIGAIRAA,7121,FIGAIRASSE,7,LES BOUISSES,0,21:30:39,0,1382,7164
268436647,FONTTROA,7107,FONT TROUVE,7,LES BOUISSES,0,21:08:31,0,54,7164
268436647,FDEZEUZA,7122,FRANCOIS DEZEUZE,7,LES BOUISSES,0,21:31:33,0,1436,7164
268436647,GARDIOLA,7108,GARDIOLES,7,LES BOUISSES,0,21:09:29,0,112,7164
268436647,GARE17,17,GARE SAINT-ROCH,7,LES BOUISSES,0,21:21:30,0,833,7164
268436647,GOUARAA,7118,GOUARA,7,LES BOUISSES,0,21:28:23,0,1246,7164
268436647,LASOURCA,7110,LA SOURCE,7,LES BOUISSES,0,21:11:27,0,230,7164
268436647,LEPIC,7117,LEPIC,7,LES BOUISSES,0,21:27:19,0,1182,7164
268436647,CLEMENCS,5213,LYCEE CLEMENCEAU,7,LES BOUISSES,0,21:24:39,0,1022,7164
268436647,COLLINEA,7124,LYCEE J. FERRY,7,LES BOUISSES,0,21:32:30,0,1493,7164
268436647,MAISSPOE,3210,MAISON SPORTS,7,LES BOUISSES,0,21:13:20,0,343,7164
268436647,MARTELIA,7125,MARTELLIERE,7,LES BOUISSES,0,21:33:29,0,1552,7164
268436647,MASMERLA,7119,MAS DE MERLE,7,LES BOUISSES,0,21:29:30,0,1313,7164
268436647,MYRTHESA,7116,MYRTES,7,LES BOUISSES,0,21:26:34,0,1137,7164
268436647,ORMEAUXA,7162,ORMEAUX,7,LES BOUISSES,0,21:34:30,0,1613,7164
268436647,PEYROU6E,6236,PEYROU,7,LES BOUISSES,0,21:16:30,0,533,7164
268436647,PLEIADEA,7106,PLEIADE,7,LES BOUISSES,0,21:08:24,0,47,7164
268436647,POUSERSE,3209,POUS DE LA SERS,7,LES BOUISSES,0,21:12:14,0,277,7164
268436647,RONDELES,5212,RONDELET,7,LES BOUISSES,0,21:23:21,0,944,7164
268436647,STDENIE1,1235,SAINT-DENIS,7,LES BOUISSES,0,21:18:30,0,653,7164
268436647,STGUILHE,2221,SAINT-GUILHEM,7,LES BOUISSES,0,21:17:29,0,592,7164
268436647,SGERMAIA,7161,SOPHIE GERMAIN,7,LES BOUISSES,0,21:33:54,0,1577,7164
268436706,NOBELS,12125,ALFRED NOBEL,9,ODYSSEUM,0,21:17:07,0,570,9153
268436708,ANOBELE,12220,ALFRED NOBEL,9,ODYSSEUM,1,21:36:46,0,1749,9253
268436710,NOBELS,12125,ALFRED NOBEL,9,ODYSSEUM,0,22:14:38,0,4021,9153
268436706,EUREKAS,12124,EUREKA,9,ODYSSEUM,0,21:16:48,0,551,9153
268436708,EUREKAE,12222,EUREKA,9,ODYSSEUM,1,21:36:01,0,1704,9253
268436710,EUREKAS,12124,EUREKA,9,ODYSSEUM,0,22:14:59,0,4042,9153
268436706,GALLOI9S,9139,EVARISTE GALOIS,9,ODYSSEUM,0,21:20:48,0,791,9153
268436708,EGALLOIS,12205,EVARISTE GALOIS,9,ODYSSEUM,1,21:33:00,0,1523,9253
268436710,GALLOI9S,9139,EVARISTE GALOIS,9,ODYSSEUM,0,22:18:59,0,4282,9153
268436706,COUPERIR,11219,F. COUPERIN,9,ODYSSEUM,0,21:16:02,0,505,9153
268436708,COUPERIA,11104,F. COUPERIN,9,ODYSSEUM,1,21:38:15,0,1838,9253
268436710,COUPERIR,11219,F. COUPERIN,9,ODYSSEUM,0,22:13:33,0,3956,9153
268436706,MARCONIR,10123,G. MARCONI,9,ODYSSEUM,0,21:20:51,0,794,9153
268436708,MARCONIA,10229,G. MARCONI,9,ODYSSEUM,1,21:33:42,0,1565,9253
268436710,MARCONIR,10123,G. MARCONI,9,ODYSSEUM,0,22:18:22,0,4245,9153
268436706,CAZALA,16135,LEON CAZAL,9,ODYSSEUM,0,21:10:55,0,198,9153
268436708,CAZALR,16235,LEON CAZAL,9,ODYSSEUM,1,21:44:39,0,2222,9253
268436710,CAZALA,16135,LEON CAZAL,9,ODYSSEUM,0,22:08:26,0,3649,9153
268436706,LEPINES,9137,LOUIS LEPINE,9,ODYSSEUM,0,21:19:33,0,716,9153
268436708,LEPINEE,9235,LOUIS LEPINE,9,ODYSSEUM,1,21:34:40,0,1623,9253
268436710,LEPINES,9137,LOUIS LEPINE,9,ODYSSEUM,0,22:17:04,0,4167,9153
268436706,MILLENAA,10133,MILLENAIRE,9,ODYSSEUM,0,21:07:49,0,12,9153
268436708,MILLENAR,10233,MILLENAIRE,9,ODYSSEUM,1,21:47:01,0,2364,9253
268436710,MILLENAA,10133,MILLENAIRE,9,ODYSSEUM,0,22:06:00,0,3503,9153
268436706,PLIROND1,16134,PARC LIRONDE,9,ODYSSEUM,0,21:09:49,0,132,9153
268436708,PLIROND2,16234,PARC LIRONDE,9,ODYSSEUM,1,21:45:01,0,2244,9253
268436710,PLIROND1,16134,PARC LIRONDE,9,ODYSSEUM,0,22:08:00,0,3623,9153
268436706,PINVILLS,11220,PINVILLE,9,ODYSSEUM,0,21:15:45,0,488,9153
268436708,PINVILLE,11103,PINVILLE,9,ODYSSEUM,1,21:37:37,0,1800,9253
268436710,PINVILLS,11220,PINVILLE,9,ODYSSEUM,0,22:13:56,0,3979,9153
268436706,P_EUROPE,9149,PL. DE L'EUROPE,9,ODYSSEUM,0,21:11:49,0,252,9153
268436708,P_EUROPR,9249,PL. DE L'EUROPE,9,ODYSSEUM,1,21:43:01,0,2124,9253
268436710,P_EUROPE,9149,PL. DE L'EUROPE,9,ODYSSEUM,0,22:10:00,0,3743,9153
268436708,PL_FRANT,9247,PLACE DE FRANCE,9,ODYSSEUM,1,21:30:00,0,1343,9253
268436710,PL_FRANE,9146,PLACE DE FRANCE,9,ODYSSEUM,0,22:05:00,0,3443,9153
268436706,PTJUVENA,16136,PONT JUVENAL,9,ODYSSEUM,0,21:11:48,0,251,9153
268436708,PTJUVENR,16236,PONT JUVENAL,9,ODYSSEUM,1,21:41:17,0,2020,9253
268436710,PTJUVENA,16136,PONT JUVENAL,9,ODYSSEUM,0,22:09:19,0,3702,9153
268436708,STMICHEE,9208,SAINT-MICHEL,9,ODYSSEUM,1,21:43:50,0,2173,9253
268436706,MORSES,9140,SAMUEL MORSE,9,ODYSSEUM,0,21:22:45,0,908,9153
268436708,MORSEE,9239,SAMUEL MORSE,9,ODYSSEUM,1,21:31:58,0,1461,9253
268436710,MORSES,9140,SAMUEL MORSE,9,ODYSSEUM,0,22:20:16,0,4359,9153
268436706,VAUGUIEA,10144,VAUGUIERES,9,ODYSSEUM,0,21:08:31,0,54,9153
268436708,VAUGUIER,10251,VAUGUIERES,9,ODYSSEUM,1,21:46:04,0,2307,9253
268436710,VAUGUIEA,10144,VAUGUIERES,9,ODYSSEUM,0,22:06:42,0,3545,9153
268436706,VPOSTER,11218,VIEILLE POSTE,9,ODYSSEUM,0,21:14:49,0,432,9153
268436708,VPOSTEA,11105,VIEILLE POSTE,9,ODYSSEUM,1,21:39:01,0,1884,9253
268436710,VPOSTER,11218,VIEILLE POSTE,9,ODYSSEUM,0,22:13:00,0,3923,9153
268436706,VOLTAS,9138,VOLTA FIZEAU,9,ODYSSEUM,0,21:19:58,0,741,9153
268436708,VOLTAE,9236,VOLTA FIZEAU,9,ODYSSEUM,1,21:34:17,0,1600,9253
268436710,VOLTAS,9138,VOLTA FIZEAU,9,ODYSSEUM,0,22:17:29,0,4192,9153
268436706,WALHALL,9152,WALHALLA,9,ODYSSEUM,0,21:17:42,0,605,9153
268436710,WALHALL,9152,WALHALLA,9,ODYSSEUM,0,22:15:53,0,4096,9153
